user,location,content,time
ronniemalhotra,"Boston, MA",RT @RayanChikhi: Congratulations to @pashadag and @amatur_r for winning the best paper at @recomb2020 for their paper on k-mer set represen‚Ä¶,2020-07-03 17:27:01
ronniemalhotra,"Boston, MA",RT @jasmijnbaaijens: Attending #RECOMB2020 online reminded me how valuable it is to have access to all the talks. For those interested in m‚Ä¶,2020-07-03 17:26:35
recomb2020,"Padova, Italy","Dear member of the RECOMB community,
we hope you enjoyed this year's #RECOMB2020 edition as much as we did.
We are‚Ä¶ https://t.co/ELLrU08p4f",2020-06-30 16:10:00
arcane_mahesh,"Uppsala, Sverige",RT @jasmijnbaaijens: Attending #RECOMB2020 online reminded me how valuable it is to have access to all the talks. For those interested in m‚Ä¶,2020-06-29 07:29:59
hendrick0403,"Taipei City, Taiwan","What a great last week of mid 2020~
Attending virtual #RECOMB2020  and connect with great peoples there, recording‚Ä¶ https://t.co/UDH0JOfM2x",2020-06-28 10:16:59
BQPMalfoy,"Lille, France",RT @jasmijnbaaijens: Attending #RECOMB2020 online reminded me how valuable it is to have access to all the talks. For those interested in m‚Ä¶,2020-06-28 09:27:24
recomb2020,"Padova, Italy","RT @2YasmineMANSOUR: Indeed! 
And the shared insights on the centromere enigmas were very inspiring! Exactly what I need right now ü§î

Thank‚Ä¶",2020-06-28 08:55:08
recomb2020,"Padova, Italy",RT @IliaMinkin: Giving a talk at a virtual conference while being quarantined in a hotel is a quite surreal experience #RECOMB2020,2020-06-28 08:54:49
recomb2020,"Padova, Italy",RT @jasmijnbaaijens: Attending #RECOMB2020 online reminded me how valuable it is to have access to all the talks. For those interested in m‚Ä¶,2020-06-28 08:54:41
recomb2020,"Padova, Italy",RT @RayanChikhi: Congratulations to @pashadag and @amatur_r for winning the best paper at @recomb2020 for their paper on k-mer set represen‚Ä¶,2020-06-28 08:54:20
alienzj,,RT @RayanChikhi: Congratulations to @pashadag and @amatur_r for winning the best paper at @recomb2020 for their paper on k-mer set represen‚Ä¶,2020-06-28 07:04:18
alienzj,,RT @hajirasouliha: Great keynote talk @recomb2020 by Pavel Pevzner. Describing SPAdes and Flye assembly tools for short and long reads. Als‚Ä¶,2020-06-28 07:02:58
alienzj,,RT @jasmijnbaaijens: Attending #RECOMB2020 online reminded me how valuable it is to have access to all the talks. For those interested in m‚Ä¶,2020-06-28 06:43:21
pashadag,Penn State University,"RT @ashissaha123: Proud to see someone (@amatur_r ) from my undergrad university (BUET, Bangladesh) getting the best paper award at @recomb‚Ä¶",2020-06-27 21:08:00
3D_Genome,,RT @mackayka: Had a great time (virtually) presenting the results from our most recent pre-print today üë©‚Äçüíª more details on how we used #tSN‚Ä¶,2020-06-27 15:23:34
SapovalNicolae,"Houston, TX",RT @jasmijnbaaijens: Attending #RECOMB2020 online reminded me how valuable it is to have access to all the talks. For those interested in m‚Ä¶,2020-06-27 14:39:55
ashissaha123,,"Proud to see someone (@amatur_r ) from my undergrad university (BUET, Bangladesh) getting the best paper award at‚Ä¶ https://t.co/SvWJLx92Oh",2020-06-27 14:10:54
pashadag,Penn State University,RT @jasmijnbaaijens: Attending #RECOMB2020 online reminded me how valuable it is to have access to all the talks. For those interested in m‚Ä¶,2020-06-27 13:03:06
razoralign,,RT @RayanChikhi: Congratulations to @pashadag and @amatur_r for winning the best paper at @recomb2020 for their paper on k-mer set represen‚Ä¶,2020-06-27 12:40:16
vallenet,"Evry, Ile-de-France",RT @jasmijnbaaijens: Attending #RECOMB2020 online reminded me how valuable it is to have access to all the talks. For those interested in m‚Ä¶,2020-06-27 09:13:09
CamilleMrcht,,RT @jasmijnbaaijens: Attending #RECOMB2020 online reminded me how valuable it is to have access to all the talks. For those interested in m‚Ä¶,2020-06-27 08:25:03
bricoletc,,RT @jasmijnbaaijens: Attending #RECOMB2020 online reminded me how valuable it is to have access to all the talks. For those interested in m‚Ä¶,2020-06-27 08:15:53
RayanChikhi,,RT @jasmijnbaaijens: Attending #RECOMB2020 online reminded me how valuable it is to have access to all the talks. For those interested in m‚Ä¶,2020-06-27 08:14:46
krsahlin,Stockholm,RT @RayanChikhi: Congratulations to @pashadag and @amatur_r for winning the best paper at @recomb2020 for their paper on k-mer set represen‚Ä¶,2020-06-27 07:27:30
claczny,,RT @RayanChikhi: Congratulations to @pashadag and @amatur_r for winning the best paper at @recomb2020 for their paper on k-mer set represen‚Ä¶,2020-06-27 05:33:14
TheMarcelSchulz,"Frankfurt am Main, Deutschland",RT @RayanChikhi: Congratulations to @pashadag and @amatur_r for winning the best paper at @recomb2020 for their paper on k-mer set represen‚Ä¶,2020-06-27 05:03:01
KarelBrinda,"Boston, MA",RT @jasmijnbaaijens: Attending #RECOMB2020 online reminded me how valuable it is to have access to all the talks. For those interested in m‚Ä¶,2020-06-27 02:31:33
jasmijnbaaijens,,Attending #RECOMB2020 online reminded me how valuable it is to have access to all the talks. For those interested i‚Ä¶ https://t.co/cFNKjEQPlL,2020-06-27 02:00:39
dreycey,"Boulder, CO",RT @RayanChikhi: Congratulations to @pashadag and @amatur_r for winning the best paper at @recomb2020 for their paper on k-mer set represen‚Ä¶,2020-06-26 23:33:37
soumitrakp,"Bethesda, MD","@pashadag @RayanChikhi @amatur_r @recomb2020 Congratulations to both of you @pashadag, @amatur_r!",2020-06-26 21:46:30
CarlosS29116341,"Sevilla, Espa√±a",RT @EvolutionQuant: tomorrow I am giving a talk on our latest advancements on popgen estimates from NGS data at the ongoing #RECOMB2020 as‚Ä¶,2020-06-26 21:38:34
KiranJavkar,,RT @RayanChikhi: Congratulations to @pashadag and @amatur_r for winning the best paper at @recomb2020 for their paper on k-mer set represen‚Ä¶,2020-06-26 20:55:51
vanhoan310,Munich,RT @RayanChikhi: Congratulations to @pashadag and @amatur_r for winning the best paper at @recomb2020 for their paper on k-mer set represen‚Ä¶,2020-06-26 20:02:05
IliaMinkin,,@pashadag @RayanChikhi @amatur_r @recomb2020 Congratulations @amatur_r !,2020-06-26 19:59:03
CamilleMrcht,,RT @IliaMinkin: Giving a talk at a virtual conference while being quarantined in a hotel is a quite surreal experience #RECOMB2020,2020-06-26 19:48:14
nomad421,,RT @IliaMinkin: Giving a talk at a virtual conference while being quarantined in a hotel is a quite surreal experience #RECOMB2020,2020-06-26 19:46:30
IliaMinkin,,Giving a talk at a virtual conference while being quarantined in a hotel is a quite surreal experience #RECOMB2020,2020-06-26 19:46:04
KellerCaponePhD,"State College, PA",@pashadag @RayanChikhi @amatur_r @recomb2020 Congratulations! Well deserved! üçæüéà,2020-06-26 19:36:07
mahonylab,Penn State University,@pashadag @RayanChikhi @amatur_r @recomb2020 Awesome - congrats @amatur_r !,2020-06-26 19:25:40
KarelBrinda,"Boston, MA",RT @RayanChikhi: Congratulations to @pashadag and @amatur_r for winning the best paper at @recomb2020 for their paper on k-mer set represen‚Ä¶,2020-06-26 19:03:51
bioinfochat,,RT @RayanChikhi: Congratulations to @pashadag and @amatur_r for winning the best paper at @recomb2020 for their paper on k-mer set represen‚Ä¶,2020-06-26 18:58:51
niemasd,"San Diego, CA",RT @RayanChikhi: Congratulations to @pashadag and @amatur_r for winning the best paper at @recomb2020 for their paper on k-mer set represen‚Ä¶,2020-06-26 18:50:12
pashadag,Penn State University,@RayanChikhi @amatur_r @recomb2020 Thanks Rayan #RECOMB2020,2020-06-26 18:41:16
BenLangmead,"Baltimore, MD",RT @RayanChikhi: Congratulations to @pashadag and @amatur_r for winning the best paper at @recomb2020 for their paper on k-mer set represen‚Ä¶,2020-06-26 18:32:19
jameslz,China,RT @RayanChikhi: Congratulations to @pashadag and @amatur_r for winning the best paper at @recomb2020 for their paper on k-mer set represen‚Ä¶,2020-06-26 18:11:43
IliaMinkin,,RT @RayanChikhi: Congratulations to @pashadag and @amatur_r for winning the best paper at @recomb2020 for their paper on k-mer set represen‚Ä¶,2020-06-26 18:06:46
sjackman,"Vancouver, Canada",RT @RayanChikhi: Congratulations to @pashadag and @amatur_r for winning the best paper at @recomb2020 for their paper on k-mer set represen‚Ä¶,2020-06-26 18:01:27
pierre_marijon,,RT @RayanChikhi: Congratulations to @pashadag and @amatur_r for winning the best paper at @recomb2020 for their paper on k-mer set represen‚Ä¶,2020-06-26 17:59:46
CamilleMrcht,,@RayanChikhi @pashadag @amatur_r @recomb2020 Well done :O üéâ,2020-06-26 17:57:12
CamilleMrcht,,RT @RayanChikhi: Congratulations to @pashadag and @amatur_r for winning the best paper at @recomb2020 for their paper on k-mer set represen‚Ä¶,2020-06-26 17:50:46
snz20,"Boston, MA",RT @RayanChikhi: Congratulations to @pashadag and @amatur_r for winning the best paper at @recomb2020 for their paper on k-mer set represen‚Ä¶,2020-06-26 17:41:19
AdvaitBalaji,"Houston, TX",RT @RayanChikhi: Congratulations to @pashadag and @amatur_r for winning the best paper at @recomb2020 for their paper on k-mer set represen‚Ä¶,2020-06-26 17:27:38
vandinfa,,RT @RayanChikhi: Congratulations to @pashadag and @amatur_r for winning the best paper at @recomb2020 for their paper on k-mer set represen‚Ä¶,2020-06-26 17:21:53
yihuizhu12,"Davis, CA",RT @recomb2020: We are really excited to announce that more than 2800 attendees signed-up for the #free #virtual edition of #RECOMB2020! De‚Ä¶,2020-06-26 17:13:17
zevkronenberg,"Seattle, WA",RT @RayanChikhi: Congratulations to @pashadag and @amatur_r for winning the best paper at @recomb2020 for their paper on k-mer set represen‚Ä¶,2020-06-26 17:11:08
gau,"Stockholm, Sweden",RT @RayanChikhi: Congratulations to @pashadag and @amatur_r for winning the best paper at @recomb2020 for their paper on k-mer set represen‚Ä¶,2020-06-26 17:07:01
pashadag,Penn State University,RT @RayanChikhi: Congratulations to @pashadag and @amatur_r for winning the best paper at @recomb2020 for their paper on k-mer set represen‚Ä¶,2020-06-26 17:05:52
ZaminIqbal,"Cambridge, England",RT @RayanChikhi: Congratulations to @pashadag and @amatur_r for winning the best paper at @recomb2020 for their paper on k-mer set represen‚Ä¶,2020-06-26 17:05:38
RayanChikhi,,Congratulations to @pashadag and @amatur_r for winning the best paper at @recomb2020 for their paper on k-mer set r‚Ä¶ https://t.co/nD1pcQleXv,2020-06-26 17:04:34
paulakf,Campinas,#RECOMB2020,2020-06-26 16:08:29
abhi_ratnakumar,New York,Variants enriched in bottlenecked population (e.g. Finland) compared to non-bottlenecked populations as a proxy for‚Ä¶ https://t.co/F0151H3KQz,2020-06-26 14:19:34
tonzani,"New York, NY",RT @saliha_ey: Watching #RECOMB2020 The Future of Algorithms in Biology panel on my phone. I really hope this level of accesibility becomes‚Ä¶,2020-06-26 13:37:49
vanhoan310,Munich,RT @pashadag: Check out our latest work with @IliaMinkin #RECOMB2020 https://t.co/vF1EfZv3aR,2020-06-26 12:22:17
2YasmineMANSOUR,France,"Indeed! 
And the shared insights on the centromere enigmas were very inspiring! Exactly what I need right now ü§î

Th‚Ä¶ https://t.co/wP9lSWilk5",2020-06-26 12:08:01
CamilleMrcht,,"RT @recomb2020: @CamilleMrcht Hello Camille, we will let you know when and where recordings will be available.",2020-06-26 10:48:40
CamilleMrcht,,@recomb2020 Awesome thank you!,2020-06-26 10:48:35
burkhard_mstern,"G√∂ttingen, Deutschland","RT @CamilleMrcht: #RECOMB2020 organizers, will we be able to get/download the recordings of the talks afterwards (when authors agreed)?",2020-06-26 10:48:07
recomb2020,"Padova, Italy",RT @hajirasouliha: Great keynote talk @recomb2020 by Pavel Pevzner. Describing SPAdes and Flye assembly tools for short and long reads. Als‚Ä¶,2020-06-26 10:08:39
recomb2020,"Padova, Italy","RT @tonzani: @leon_anavy on now @recomb2020 . Not #computationalbiology, but biological computation. Storing info in DNA . Exciting field t‚Ä¶",2020-06-26 10:07:16
recomb2020,"Padova, Italy",RT @tonzani: @Rbaltman on now @recomb2020 on why ancestry matters for your reactions to drugs. 14% of people predicted to have unusual reac‚Ä¶,2020-06-26 10:07:11
recomb2020,"Padova, Italy",RT @LaraUrban42: Very exciting talks by @benjraphael and @james_y_zou @UCLA_CGSI @recomb2020 about computer vision/spatio-temporal genomics‚Ä¶,2020-06-26 10:06:56
recomb2020,"Padova, Italy","RT @RECOMBseq: #RECOMB2020 participants; remember, when RECOMB ends, the fun doesn‚Äôt!  Stick around (virtually) for #RECOMBSEQ2020 June 26‚Ä¶",2020-06-26 10:06:41
recomb2020,"Padova, Italy",RT @jeriscience: Thanks for the great talks at the virtual @DR_E_A_M special session on single cells @recomb2020 @WumingG @irepan_salvador‚Ä¶,2020-06-26 10:06:31
recomb2020,"Padova, Italy",RT @abhi_ratnakumar: PWAS:Proteome-association study. Combine genotype data with knowledge on protein function to develop gene function sco‚Ä¶,2020-06-26 10:06:20
recomb2020,"Padova, Italy",RT @pashadag: Check out our latest work with @IliaMinkin #RECOMB2020 https://t.co/vF1EfZv3aR,2020-06-26 10:06:15
recomb2020,"Padova, Italy",RT @abhi_ratnakumar: Very interesting! Gene prioritization without using in-sample data. Significant genes identified this way are much mor‚Ä¶,2020-06-26 10:06:12
th3nn3ss,Wherever you want me to be.,RT @ahmedElkoussy: Looking forward to presebt out benchmark of single cell classifiers today at #RECOMB2020 at 9:20pm CEST... Very exciting‚Ä¶,2020-06-26 10:05:24
th3nn3ss,Wherever you want me to be.,"RT @jmuiuc: Please join us for the ""Single-Cell Genomics"" session that I will chair today (starting 3pm ET) at #RECOMB2020 (https://t.co/hh‚Ä¶",2020-06-26 10:05:13
recomb2020,"Padova, Italy",RT @irepan_salvador: üòäüéâHappy after giving a summary talk in #RECOMB2020 on the @AllenInstitute  @DR_E_A_M challenge on cell lineage reconst‚Ä¶,2020-06-26 10:05:12
recomb2020,"Padova, Italy","RT @derezanin: So glad I had a chance to listen to the great talk by Pavel Pevzner at #RECOMB2020 yesterday, about the Flye assembly algori‚Ä¶",2020-06-26 10:05:06
recomb2020,"Padova, Italy",RT @EvolutionQuant: tomorrow I am giving a talk on our latest advancements on popgen estimates from NGS data at the ongoing #RECOMB2020 as‚Ä¶,2020-06-26 10:05:00
recomb2020,"Padova, Italy",RT @saobettencourt: @ChristaCaggiano Great talk at #RECOMB2020!! Interesting data on ALS cell-free DNA methylation üòâ,2020-06-26 10:04:56
recomb2020,"Padova, Italy","RT @pcnmartin: After listening to The Future of Algorithms in Biology at #RECOMB2020 panel talk, I feel like I should learn good old C and‚Ä¶",2020-06-26 10:04:51
recomb2020,"Padova, Italy","RT @hyunhwanj: Some thoughts of panel session #RECOMB2020:

* Regarding the over-fitting problem, I think we have several problem like smal‚Ä¶",2020-06-26 10:04:47
recomb2020,"Padova, Italy",RT @saliha_ey: Watching #RECOMB2020 The Future of Algorithms in Biology panel on my phone. I really hope this level of accesibility becomes‚Ä¶,2020-06-26 10:04:43
recomb2020,"Padova, Italy","RT @infoecho: Great talk by Jasmijn Baaijens about vg-flow to resolve quasi-species for virus study!!   https://t.co/wLk0VNgegT

#RECOMB2020",2020-06-26 10:04:36
recomb2020,"Padova, Italy",RT @DrRebell: #RECOMB2020 from the balcony. ‚òÄÔ∏è https://t.co/OVhv6VkmIN,2020-06-26 10:04:29
recomb2020,"Padova, Italy",RT @StevenSalzberg1: Listening to Pavel Pevzner's exciting keynote talk at #RECOMB2020: who knew that proteins (peptides) occurred in circu‚Ä¶,2020-06-26 10:04:26
recomb2020,"Padova, Italy","RT @zhizhid: Excited that our d-PBWT paper will be presented tomorrow morning, following a keynote from my PhD advisor Pavel Pevzner! #RECO‚Ä¶",2020-06-26 10:04:15
recomb2020,"Padova, Italy",RT @KamathGovinda: The online #RECOMB2020 is great. I just gave a talk to 450 people - the largest audience I'd given a talk to by a fair m‚Ä¶,2020-06-26 10:04:13
recomb2020,"Padova, Italy","RT @jmuiuc: Tomorrow (Wed Jun 24) at 4pm ET (10pm Italy time), #RECOMB2020 will have the ""Epigenetics"" session (https://t.co/hhjf8ekik5). @‚Ä¶",2020-06-26 10:04:08
recomb2020,"Padova, Italy",RT @abhi_ratnakumar: Really nice talk assessing methods for detecting network modules with GWAS data @ftsven #RECOMB2020. Here is the paper‚Ä¶,2020-06-26 10:04:05
recomb2020,"Padova, Italy",RT @mackayka: Had a great time (virtually) presenting the results from our most recent pre-print today üë©‚Äçüíª more details on how we used #tSN‚Ä¶,2020-06-26 10:04:01
recomb2020,"Padova, Italy","RT @ftsven: Also, I‚Äôm giving a highlight talk on Disease Module Identification at #RECOMB2020 today at 4pm US Eastern time (10pm CET) that‚Ä¶",2020-06-26 10:03:57
recomb2020,"Padova, Italy",RT @leon_anavy: When the conference is held on EST hours and your kid gets curious about what you are doing during dinner (listening to a g‚Ä¶,2020-06-26 10:03:54
recomb2020,"Padova, Italy","RT @KailashBP10: #RECOMB2020 premier computational biology conference now goes virtual, registration is free! https://t.co/FWESqUlzbx",2020-06-26 10:03:51
recomb2020,"Padova, Italy","RT @PurdueCS: Watch üíª: CluStrat, which corrects for cryptic relatedness in #GWAS in virtual #Recomb2020 today at 5:20pm (EST). 
Registratio‚Ä¶",2020-06-26 10:03:46
recomb2020,"Padova, Italy",RT @hyunhwanj: Attending #RECOMB2020? Want to expand your twitter network? I am making a twitter list people who are attending #RECOMB2020‚Ä¶,2020-06-26 10:03:42
recomb2020,"Padova, Italy","RT @AritraBose90: Excited to present CluStrat, which corrects for cryptic relatedness in #GWAS in virtual #Recomb2020 today at 5:20pm (EST)‚Ä¶",2020-06-26 10:03:38
recomb2020,"Padova, Italy","RT @bbglab: Check out the preprint of the work presented by our PhD student Pepe Bonet yesterday at #Recomb2020.
üëâhttps://t.co/XTFCTSjPHV h‚Ä¶",2020-06-26 10:03:33
recomb2020,"Padova, Italy",RT @dany2k: Excited for our #RECOMB2020 talk on Computing the Rearrangement Distance of Natural Genomes today at 4:40 PM CET. Paper: https:‚Ä¶,2020-06-26 10:03:29
recomb2020,"Padova, Italy",RT @UthsavC: Will be presenting some recent work on identifying altered subnetworks at 3:40pm (EST) today at the virtual #RECOMB2020 confer‚Ä¶,2020-06-26 10:03:25
recomb2020,"Padova, Italy",RT @KJames_IntBio: Really enjoying virtual #RECOMB2020 and some interesting network analysis talks coming up later today. Free to register‚Ä¶,2020-06-26 10:03:22
recomb2020,"Padova, Italy",RT @farid_rashidi: @SMalikic talk about our recently published paper (https://t.co/zKXu46jxbd) in @genomeresearch at #RECOMB2020 as a highl‚Ä¶,2020-06-26 10:03:16
recomb2020,"Padova, Italy","RT @saliha_ey: Into the a.m. hours, still following #RECOMB2020. 
@IBMResearch @IBM_CompSysBio projects are always refreshing. I almost wan‚Ä¶",2020-06-26 10:03:10
recomb2020,"Padova, Italy",RT @andrei_chiffa: #RECOMB2020 online edition is both free and amazing - I really wish more conferences went this route.,2020-06-26 10:03:02
recomb2020,"Padova, Italy","RT @alavimir: Thank you to the organizers and attendees of #RECOMB2020 for their attention and questions! Many asked for the code, and it‚Äôs‚Ä¶",2020-06-26 10:02:54
recomb2020,"Padova, Italy",RT @pcnmartin: Following the single cell sessions at #RECOMB2020 . I got to say this conference has really stepped up the virtual conferenc‚Ä¶,2020-06-26 10:02:46
recomb2020,"Padova, Italy",RT @compBiology: Lisa Tucker-Kellogg presenting TRANSCOMPP at #RECOMB2020  Understanding phenotypic plasticity by estimating Markov transit‚Ä¶,2020-06-26 10:02:42
recomb2020,"Padova, Italy","RT @compBiology: Starting the Single-Cell Genomics Session at #RECOMB2020  ""Supervised Adversarial Alignment of Single-Cell RNA-seq"" 
Thank‚Ä¶",2020-06-26 10:02:37
recomb2020,"Padova, Italy",RT @ahmedElkoussy: Looking forward to presebt out benchmark of single cell classifiers today at #RECOMB2020 at 9:20pm CEST... Very exciting‚Ä¶,2020-06-26 10:02:32
recomb2020,"Padova, Italy","RT @jmuiuc: Please join us for the ""Single-Cell Genomics"" session that I will chair today (starting 3pm ET) at #RECOMB2020 (https://t.co/hh‚Ä¶",2020-06-26 10:02:28
recomb2020,"Padova, Italy",RT @alavimir: Excited to be presenting our recent paper on enabling cell type classification across various heterogenous batches of scRNA-s‚Ä¶,2020-06-26 10:02:21
recomb2020,"Padova, Italy","RT @gacatag: #RECOMB2020 begins. 1st keynote speaker, Manuela Helmer, presented about lncRNA function discovery and 2ndary #RNA structure m‚Ä¶",2020-06-26 10:02:13
recomb2020,"Padova, Italy",RT @TastanOznur: She is quite excited by lncRNAs. #RECOMB2020 https://t.co/14qDIwO85J,2020-06-26 10:02:07
recomb2020,"Padova, Italy","RT @bbglab: Today our PhD student @pepeb_5 will present the work performed alongside Nico Borgsm√ºller at #RECOMB2020
Stay tuned at 10 pm (E‚Ä¶",2020-06-26 10:01:56
recomb2020,"Padova, Italy","RT @Quizzomaniac: An interesting take on how lncRNAs can have functions...

#recomb2020 https://t.co/FTBzv5SWPH",2020-06-26 10:01:50
recomb2020,"Padova, Italy",RT @grytesatas: Excited to present our recent work on single-cell tumor phylogeny inference at #RECOMB2020 at 5pm (EST) today (available vi‚Ä¶,2020-06-26 10:01:45
recomb2020,"Padova, Italy","RT @Winter_Madness_: RNA secondary structure: chasing functions for lncRNAs
#RECOMB2020 https://t.co/6wVTu6zofq",2020-06-26 10:01:41
mas_sandoval_a,,RT @EvolutionQuant: tomorrow I am giving a talk on our latest advancements on popgen estimates from NGS data at the ongoing #RECOMB2020 as‚Ä¶,2020-06-26 09:00:38
ppericard,"Lille, France","RT @RECOMBseq: #RECOMB2020 participants; remember, when RECOMB ends, the fun doesn‚Äôt!  Stick around (virtually) for #RECOMBSEQ2020 June 26‚Ä¶",2020-06-26 08:26:23
krsahlin,Stockholm,"RT @RECOMBseq: #RECOMB2020 participants; remember, when RECOMB ends, the fun doesn‚Äôt!  Stick around (virtually) for #RECOMBSEQ2020 June 26‚Ä¶",2020-06-26 06:47:42
jcchacond,"London, United Kingdom",RT @EvolutionQuant: tomorrow I am giving a talk on our latest advancements on popgen estimates from NGS data at the ongoing #RECOMB2020 as‚Ä¶,2020-06-26 06:19:10
allawayr,"Seattle, WA",RT @jeriscience: Thanks for the great talks at the virtual @DR_E_A_M special session on single cells @recomb2020 @WumingG @irepan_salvador‚Ä¶,2020-06-26 02:55:13
SingleCellMedia,Italy,RT @LaraUrban42: Very exciting talks by @benjraphael and @james_y_zou @UCLA_CGSI @recomb2020 about computer vision/spatio-temporal genomics‚Ä¶,2020-06-26 01:04:23
LaraUrban42,New Zealand ,Very exciting talks by @benjraphael and @james_y_zou @UCLA_CGSI @recomb2020 about computer vision/spatio-temporal g‚Ä¶ https://t.co/BfhGZQZTab,2020-06-26 00:52:02
ozgunharmanci,"Houston, TX",RT @zhizhid: Excited to share our newest preprint from the young and talented Ahsan Sanaullah and @ShaojieZhang_ . We introduced the dynami‚Ä¶,2020-06-26 00:10:31
Ptdtan,"Sai Gon, Viet Nam",RT @pashadag: Check out our latest work with @IliaMinkin #RECOMB2020 https://t.co/vF1EfZv3aR,2020-06-25 23:28:06
WumingG,"Minneapolis, MN",So excited to share the science @recomb2020 https://t.co/eKvuzer18n,2020-06-25 23:19:47
ldiambra,La Plata,RT @jeriscience: Thanks for the great talks at the virtual @DR_E_A_M special session on single cells @recomb2020 @WumingG @irepan_salvador‚Ä¶,2020-06-25 21:59:02
hajirasouliha,"New York, USA","RT @RECOMBseq: #RECOMB2020 participants; remember, when RECOMB ends, the fun doesn‚Äôt!  Stick around (virtually) for #RECOMBSEQ2020 June 26‚Ä¶",2020-06-25 21:51:44
calkan_cs,http://instagram.com/calkan_cs,"RT @RECOMBseq: #RECOMB2020 participants; remember, when RECOMB ends, the fun doesn‚Äôt!  Stick around (virtually) for #RECOMBSEQ2020 June 26‚Ä¶",2020-06-25 21:47:51
ClaudioTripodo,,RT @iScience_CP: Speedup trajectory inference and detection of cell types in #singlecell RNA-Seq with new #method Sphetcher https://t.co/P8‚Ä¶,2020-06-25 21:33:35
DrKathyRichmond,Seattle Washington,RT @jeriscience: Thanks for the great talks at the virtual @DR_E_A_M special session on single cells @recomb2020 @WumingG @irepan_salvador‚Ä¶,2020-06-25 21:22:48
jeriscience,New York,Thanks for the great talks at the virtual @DR_E_A_M special session on single cells @recomb2020 @WumingG‚Ä¶ https://t.co/TUamPNbAFb,2020-06-25 21:22:08
vanhoan310,Munich,RT @iScience_CP: Speedup trajectory inference and detection of cell types in #singlecell RNA-Seq with new #method Sphetcher https://t.co/P8‚Ä¶,2020-06-25 20:53:52
AidaAndres,London,RT @EvolutionQuant: tomorrow I am giving a talk on our latest advancements on popgen estimates from NGS data at the ongoing #RECOMB2020 as‚Ä¶,2020-06-25 20:15:37
BQPMalfoy,"Lille, France","RT @RECOMBseq: #RECOMB2020 participants; remember, when RECOMB ends, the fun doesn‚Äôt!  Stick around (virtually) for #RECOMBSEQ2020 June 26‚Ä¶",2020-06-25 20:09:56
pashadag,Penn State University,"RT @RECOMBseq: #RECOMB2020 participants; remember, when RECOMB ends, the fun doesn‚Äôt!  Stick around (virtually) for #RECOMBSEQ2020 June 26‚Ä¶",2020-06-25 19:42:10
KarelBrinda,"Boston, MA","RT @RECOMBseq: #RECOMB2020 participants; remember, when RECOMB ends, the fun doesn‚Äôt!  Stick around (virtually) for #RECOMBSEQ2020 June 26‚Ä¶",2020-06-25 18:56:29
serghei_mangul,Santa Monica,"RT @RECOMBseq: #RECOMB2020 participants; remember, when RECOMB ends, the fun doesn‚Äôt!  Stick around (virtually) for #RECOMBSEQ2020 June 26‚Ä¶",2020-06-25 18:47:05
YulongNiu,,"RT @RECOMBseq: #RECOMB2020 participants; remember, when RECOMB ends, the fun doesn‚Äôt!  Stick around (virtually) for #RECOMBSEQ2020 June 26‚Ä¶",2020-06-25 18:39:26
CamilleMrcht,,"RT @RECOMBseq: #RECOMB2020 participants; remember, when RECOMB ends, the fun doesn‚Äôt!  Stick around (virtually) for #RECOMBSEQ2020 June 26‚Ä¶",2020-06-25 18:26:03
nomad421,,"RT @RECOMBseq: #RECOMB2020 participants; remember, when RECOMB ends, the fun doesn‚Äôt!  Stick around (virtually) for #RECOMBSEQ2020 June 26‚Ä¶",2020-06-25 18:25:51
RECOMBseq,"Washington, DC May 3-4 2019","#RECOMB2020 participants; remember, when RECOMB ends, the fun doesn‚Äôt!  Stick around (virtually) for #RECOMBSEQ2020‚Ä¶ https://t.co/U0Ke5OHKC8",2020-06-25 18:20:56
RECOMBseq,"Washington, DC May 3-4 2019",RT @iScience_CP: Speedup trajectory inference and detection of cell types in #singlecell RNA-Seq with new #method Sphetcher https://t.co/P8‚Ä¶,2020-06-25 18:17:33
abhi_ratnakumar,New York,PWAS:Proteome-association study. Combine genotype data with knowledge on protein function to develop gene function‚Ä¶ https://t.co/0Trh4WDGIF,2020-06-25 18:15:24
DR_E_A_M,,RT @irepan_salvador: üòäüéâHappy after giving a summary talk in #RECOMB2020 on the @AllenInstitute  @DR_E_A_M challenge on cell lineage reconst‚Ä¶,2020-06-25 17:54:28
victor_snail,,RT @EvolutionQuant: tomorrow I am giving a talk on our latest advancements on popgen estimates from NGS data at the ongoing #RECOMB2020 as‚Ä¶,2020-06-25 17:29:52
CamilleMrcht,,RT @ekimbariscan: Bioinformatics tweeps! Anyone have a recording of Pavel Pevzner's talk at #RECOMB2020 yesterday? I got distracted by work‚Ä¶,2020-06-25 17:01:16
CamilleMrcht,,RT @pashadag: Check out our latest work with @IliaMinkin #RECOMB2020,2020-06-25 16:46:46
BQPMalfoy,"Lille, France",RT @pashadag: Check out our latest work with @IliaMinkin #RECOMB2020 https://t.co/vF1EfZv3aR,2020-06-25 16:30:31
dany2k,Bielefeld,RT @pashadag: Check out our latest work with @IliaMinkin #RECOMB2020,2020-06-25 16:16:35
pashadag,Penn State University,Check out our latest work with @IliaMinkin #RECOMB2020 https://t.co/vF1EfZv3aR,2020-06-25 16:03:08
abhi_ratnakumar,New York,Very interesting! Gene prioritization without using in-sample data. Significant genes identified this way are much‚Ä¶ https://t.co/Z4HCWO6JoO,2020-06-25 16:00:44
abhi_ratnakumar,New York,Hypothesis: More deleterious variants on down-regulated haplotypes compared to up-regulated haplotypes (up-regulate‚Ä¶ https://t.co/WBW0OVw0gB,2020-06-25 15:49:07
tonzani,"New York, NY",@Rbaltman on now @recomb2020 on why ancestry matters for your reactions to drugs. 14% of people predicted to have u‚Ä¶ https://t.co/7RHiwkFiJt,2020-06-25 15:30:55
abhi_ratnakumar,New York,Analysis of UKBiobank data suggests that each individual has on average of 12 drugs for which unusual response might be expected #RECOMB2020,2020-06-25 15:26:20
leon_anavy,"Haifa, Israel","RT @tonzani: @leon_anavy on now @recomb2020 . Not #computationalbiology, but biological computation. Storing info in DNA . Exciting field t‚Ä¶",2020-06-25 15:25:06
gm_enah,Mexico,RT @EvolutionQuant: tomorrow I am giving a talk on our latest advancements on popgen estimates from NGS data at the ongoing #RECOMB2020 as‚Ä¶,2020-06-25 15:19:42
abhi_ratnakumar,New York,"""Pharmacogenetics: variation in drug response due to genetic differences"" #RECOMB2020",2020-06-25 15:07:46
CamilleMrcht,,"#RECOMB2020 organizers, will we be able to get/download the recordings of the talks afterwards (when authors agreed)?",2020-06-25 15:06:06
wormlab_eu,Home!,RT @irepan_salvador: üòäüéâHappy after giving a summary talk in #RECOMB2020 on the @AllenInstitute  @DR_E_A_M challenge on cell lineage reconst‚Ä¶,2020-06-25 14:47:50
hdeshmuk,,RT @StevenSalzberg1: Listening to Pavel Pevzner's exciting keynote talk at #RECOMB2020: who knew that proteins (peptides) occurred in circu‚Ä¶,2020-06-25 14:47:39
irepan_salvador,"London, England",üòäüéâHappy after giving a summary talk in #RECOMB2020 on the @AllenInstitute  @DR_E_A_M challenge on cell lineage reco‚Ä¶ https://t.co/rd8FShMddj,2020-06-25 14:43:01
DNAed_tech,United States,RT @iScience_CP: Speedup trajectory inference and detection of cell types in #singlecell RNA-Seq with new #method Sphetcher https://t.co/P8‚Ä¶,2020-06-25 14:42:14
tonzani,"New York, NY","@leon_anavy on now @recomb2020 . Not #computationalbiology, but biological computation. Storing info in DNA . Excit‚Ä¶ https://t.co/BvJdtUAVmd",2020-06-25 14:34:04
iScience_CP,"Cambridge, MA",Speedup trajectory inference and detection of cell types in #singlecell RNA-Seq with new #method Sphetcher‚Ä¶ https://t.co/Qes2zlXMmx,2020-06-25 14:20:05
FranceCardil,"Tartu, Eesti",RT @EvolutionQuant: tomorrow I am giving a talk on our latest advancements on popgen estimates from NGS data at the ongoing #RECOMB2020 as‚Ä¶,2020-06-25 13:11:55
Winter_Madness_,Onde o Mestre perdeu os dados,RT @DR_E_A_M: Please check the session on Dream challenges @recomb2020 special topic on #singlecells https://t.co/NIrG2psn7K June 25th 9AM‚Ä¶,2020-06-25 13:11:33
SerenaTucci,"Brooklyn, NY",RT @EvolutionQuant: tomorrow I am giving a talk on our latest advancements on popgen estimates from NGS data at the ongoing #RECOMB2020 as‚Ä¶,2020-06-25 13:04:02
gunesaynasinda,"Cambridge, MA - Istanbul, TR",Bioinformatics tweeps! Anyone have a recording of Pavel Pevzner's talk at #RECOMB2020 yesterday? I got distracted b‚Ä¶ https://t.co/Vo63K5R2j6,2020-06-25 12:30:34
derezanin,Berlin,"So glad I had a chance to listen to the great talk by Pavel Pevzner at #RECOMB2020 yesterday, about the Flye assemb‚Ä¶ https://t.co/806WZrE4yW",2020-06-25 12:18:49
diegoriano,"Sao Paulo, Brazil",RT @StevenSalzberg1: Listening to Pavel Pevzner's exciting keynote talk at #RECOMB2020: who knew that proteins (peptides) occurred in circu‚Ä¶,2020-06-25 11:52:21
MikkoRautiaine3,,"RT @infoecho: Great talk by Jasmijn Baaijens about vg-flow to resolve quasi-species for virus study!!   https://t.co/wLk0VNgegT

#RECOMB2020",2020-06-25 11:51:08
EvolutionQuant,Ascot,tomorrow I am giving a talk on our latest advancements on popgen estimates from NGS data at the ongoing #RECOMB2020‚Ä¶ https://t.co/BTYyaxtrBI,2020-06-25 11:46:15
crashius,,I am going to give a talk today at @recomb2020. It is about our work on a new epistasis test prioritization algorit‚Ä¶ https://t.co/WCh5AyZyK3,2020-06-25 07:58:49
DrStagiaire,,"RT @infoecho: Great talk by Jasmijn Baaijens about vg-flow to resolve quasi-species for virus study!!   https://t.co/wLk0VNgegT

#RECOMB2020",2020-06-25 06:27:17
Ceballos_Gene,,"RT @cegAmorim: For those interested in #genomics and population #genetics, there's an online conference happening tomorrow and Friday #RECO‚Ä¶",2020-06-25 06:17:52
CharlestonCWKC,Los Angeles and Orange County,hmmm #RECOMB2020-genetics is starting in &lt; 9hrs and I still haven't gotten my zoom link to join the conference. The‚Ä¶ https://t.co/8Lzbz9aWTv,2020-06-25 06:02:15
RobertPaulBrown,"Los Angeles, CA",I enjoy how at virtual conferences there is only a 20 min lunch break #RECOMBGen or how they don't even bother with‚Ä¶ https://t.co/eP4Ejm1QxP,2020-06-25 01:43:33
adeslat,,"RT @infoecho: These are the ""conferences"" that are interesting to me and some of my colleagues this week: @uk_biobank Science Meeting, @rec‚Ä¶",2020-06-24 23:10:30
Chandrima_04,New York,Why do Computational Biologists not use ML? Is it just because it is a Blackbox? Today's panel discussion on the Fu‚Ä¶ https://t.co/JUAsUxIZIt,2020-06-24 22:53:32
mfilipav,"Z√ºrich, Switzerland",RT @StevenSalzberg1: Listening to Pavel Pevzner's exciting keynote talk at #RECOMB2020: who knew that proteins (peptides) occurred in circu‚Ä¶,2020-06-24 22:40:31
vanhoan310,Munich,"RT @jamie_dixon: Pavel Pevzner just threw some serious shade at @recomb2020 in his keynote today:  ""8 yeas ago we were rejected and if they‚Ä¶",2020-06-24 22:16:32
damianosmel,Leibniz University Hannover,"RT @infoecho: Great talk by Jasmijn Baaijens about vg-flow to resolve quasi-species for virus study!!   https://t.co/wLk0VNgegT

#RECOMB2020",2020-06-24 22:15:57
ZaminIqbal,"Cambridge, England",Is it too late for people to register for @recomb2020 -genetics? I know someone trying to get in late.,2020-06-24 21:57:39
hao_li12,"New Jersey, USA","RT @infoecho: Great talk by Jasmijn Baaijens about vg-flow to resolve quasi-species for virus study!!   https://t.co/wLk0VNgegT

#RECOMB2020",2020-06-24 21:45:41
robertclab,Barcelona,RT @StevenSalzberg1: Listening to Pavel Pevzner's exciting keynote talk at #RECOMB2020: who knew that proteins (peptides) occurred in circu‚Ä¶,2020-06-24 21:09:14
pathogenomenick,"Birmingham, UK","RT @infoecho: Great talk by Jasmijn Baaijens about vg-flow to resolve quasi-species for virus study!!   https://t.co/wLk0VNgegT

#RECOMB2020",2020-06-24 20:51:57
saobettencourt,"London, UK",@ChristaCaggiano Great talk at #RECOMB2020!! Interesting data on ALS cell-free DNA methylation üòâ,2020-06-24 20:29:03
cbm_student,New York,RT @hajirasouliha: Great keynote talk @recomb2020 by Pavel Pevzner. Describing SPAdes and Flye assembly tools for short and long reads. Als‚Ä¶,2020-06-24 20:23:47
RAKlotsky,DFW,"RT @cegAmorim: For those interested in #genomics and population #genetics, there's an online conference happening tomorrow and Friday #RECO‚Ä¶",2020-06-24 19:19:54
rozovr,Tel Aviv,RT @KamathGovinda: The online #RECOMB2020 is great. I just gave a talk to 450 people - the largest audience I'd given a talk to by a fair m‚Ä¶,2020-06-24 18:03:50
dbeyter,"Reykjav√≠k, Iceland",RT @StevenSalzberg1: Listening to Pavel Pevzner's exciting keynote talk at #RECOMB2020: who knew that proteins (peptides) occurred in circu‚Ä¶,2020-06-24 17:28:48
drricky,Houston,RT @StevenSalzberg1: Listening to Pavel Pevzner's exciting keynote talk at #RECOMB2020: who knew that proteins (peptides) occurred in circu‚Ä¶,2020-06-24 17:08:46
pcnmartin,"Copenhagen, Denmark","After listening to The Future of Algorithms in Biology at #RECOMB2020 panel talk, I feel like I should learn good o‚Ä¶ https://t.co/2eoKnTaw5n",2020-06-24 16:16:34
hyunhwanj,"Houston, TX","Some thoughts of panel session #RECOMB2020:

* Regarding the over-fitting problem, I think we have several problem‚Ä¶ https://t.co/LdN6tuSB7E",2020-06-24 16:16:10
muyuyuuuu,"Pennsylvania, USA","RT @jmuiuc: Tomorrow (Wed Jun 24) at 4pm ET (10pm Italy time), #RECOMB2020 will have the ""Epigenetics"" session (https://t.co/hhjf8ekik5). @‚Ä¶",2020-06-24 16:15:46
zhizhid,"Houston, TX",RT @StevenSalzberg1: Listening to Pavel Pevzner's exciting keynote talk at #RECOMB2020: who knew that proteins (peptides) occurred in circu‚Ä¶,2020-06-24 15:38:32
karinlag,"Oslo, Norway",RT @saliha_ey: Watching #RECOMB2020 The Future of Algorithms in Biology panel on my phone. I really hope this level of accesibility becomes‚Ä¶,2020-06-24 15:34:29
saliha_ey,"ƒ∞stanbul, T√ºrkiye",Watching #RECOMB2020 The Future of Algorithms in Biology panel on my phone. I really hope this level of accesibilit‚Ä¶ https://t.co/cjOwZgj7pN,2020-06-24 15:33:27
colinmbrand,"Eugene, OR","RT @cegAmorim: For those interested in #genomics and population #genetics, there's an online conference happening tomorrow and Friday #RECO‚Ä¶",2020-06-24 15:28:41
MIKParadox,,"Panel Discussion: The Future of Algorithms in Biology is streaming live @recomb2020 
#RECOMB2020",2020-06-24 15:26:35
szetoinsitu,LAX/MSP/HOU/DCA,RT @StevenSalzberg1: Listening to Pavel Pevzner's exciting keynote talk at #RECOMB2020: who knew that proteins (peptides) occurred in circu‚Ä¶,2020-06-24 15:10:58
BQPMalfoy,"Lille, France",RT @KamathGovinda: The online #RECOMB2020 is great. I just gave a talk to 450 people - the largest audience I'd given a talk to by a fair m‚Ä¶,2020-06-24 15:08:31
BQPMalfoy,"Lille, France","RT @infoecho: Great talk by Jasmijn Baaijens about vg-flow to resolve quasi-species for virus study!!   https://t.co/wLk0VNgegT

#RECOMB2020",2020-06-24 15:07:02
acdarby,UK,RT @hajirasouliha: Great keynote talk @recomb2020 by Pavel Pevzner. Describing SPAdes and Flye assembly tools for short and long reads. Als‚Ä¶,2020-06-24 15:02:23
ElementoLab,New York city,RT @hajirasouliha: Great keynote talk @recomb2020 by Pavel Pevzner. Describing SPAdes and Flye assembly tools for short and long reads. Als‚Ä¶,2020-06-24 14:59:37
arcane_mahesh,"Uppsala, Sverige","RT @infoecho: Great talk by Jasmijn Baaijens about vg-flow to resolve quasi-species for virus study!!   https://t.co/wLk0VNgegT

#RECOMB2020",2020-06-24 14:59:27
CamilleMrcht,,"RT @infoecho: Great talk by Jasmijn Baaijens about vg-flow to resolve quasi-species for virus study!!   https://t.co/wLk0VNgegT

#RECOMB2020",2020-06-24 14:44:02
hajirasouliha,"New York, USA",Great keynote talk @recomb2020 by Pavel Pevzner. Describing SPAdes and Flye assembly tools for short and long reads‚Ä¶ https://t.co/6l5A34kLfY,2020-06-24 14:43:08
ayshwaryas,"Boston, MA",RT @StevenSalzberg1: Listening to Pavel Pevzner's exciting keynote talk at #RECOMB2020: who knew that proteins (peptides) occurred in circu‚Ä¶,2020-06-24 14:35:53
infoecho,"San Francisco Bay Area, CA","Great talk by Jasmijn Baaijens about vg-flow to resolve quasi-species for virus study!!   https://t.co/wLk0VNgegT

#RECOMB2020",2020-06-24 14:22:20
hajirasouliha,"New York, USA",RT @StevenSalzberg1: Listening to Pavel Pevzner's exciting keynote talk at #RECOMB2020: who knew that proteins (peptides) occurred in circu‚Ä¶,2020-06-24 14:15:37
ivivek87,"Seattle, WA",@infoecho @uk_biobank @recomb2020 @SparkAISummit I am missing all of them this week. üòí,2020-06-24 14:13:53
InquilineKea,"Cambridge, MA",@infoecho @uk_biobank @recomb2020 @SparkAISummit which ones have available archives?,2020-06-24 14:13:14
SerenaTucci,"Brooklyn, NY","RT @cegAmorim: For those interested in #genomics and population #genetics, there's an online conference happening tomorrow and Friday #RECO‚Ä¶",2020-06-24 14:12:10
infoecho,"San Francisco Bay Area, CA","These are the ""conferences"" that are interesting to me and some of my colleagues this week: @uk_biobank Science Mee‚Ä¶ https://t.co/UJDYEnlCIQ",2020-06-24 14:11:41
infoecho,"San Francisco Bay Area, CA",#RECOMB2020 sequencing and assembly session is on-going now. While it is a bless to be able to listen to the talks‚Ä¶ https://t.co/Uh5Ph4cL16,2020-06-24 14:02:07
hannahincompbio,"Philadelphia, PA",RT @StevenSalzberg1: Listening to Pavel Pevzner's exciting keynote talk at #RECOMB2020: who knew that proteins (peptides) occurred in circu‚Ä¶,2020-06-24 13:57:39
infoecho,"San Francisco Bay Area, CA",RT @StevenSalzberg1: Listening to Pavel Pevzner's exciting keynote talk at #RECOMB2020: who knew that proteins (peptides) occurred in circu‚Ä¶,2020-06-24 13:56:19
karinlag,"Oslo, Norway","Very grateful to #recomb2020 for going virtual, it has given me the opportunity to watch a conference I otherwise m‚Ä¶ https://t.co/O6s5OeufNj",2020-06-24 13:55:56
hania_kranas,Barcelona,"RT @bbglab: Check out the preprint of the work presented by our PhD student Pepe Bonet yesterday at #Recomb2020.
üëâhttps://t.co/XTFCTSjPHV h‚Ä¶",2020-06-24 13:52:42
vanhoan310,Munich,RT @StevenSalzberg1: Listening to Pavel Pevzner's exciting keynote talk at #RECOMB2020: who knew that proteins (peptides) occurred in circu‚Ä¶,2020-06-24 13:50:35
chiarabatini,"Leicester, England","RT @cegAmorim: For those interested in #genomics and population #genetics, there's an online conference happening tomorrow and Friday #RECO‚Ä¶",2020-06-24 13:48:05
hrksrkr,Maryland,RT @StevenSalzberg1: Listening to Pavel Pevzner's exciting keynote talk at #RECOMB2020: who knew that proteins (peptides) occurred in circu‚Ä¶,2020-06-24 13:29:52
DrRebell,,#RECOMB2020 from the balcony. ‚òÄÔ∏è https://t.co/OVhv6VkmIN,2020-06-24 13:21:18
burkhard_mstern,"G√∂ttingen, Deutschland",RT @StevenSalzberg1: Listening to Pavel Pevzner's exciting keynote talk at #RECOMB2020: who knew that proteins (peptides) occurred in circu‚Ä¶,2020-06-24 13:20:07
jamie_dixon,"Denver, CO","Pavel Pevzner just threw some serious shade at @recomb2020 in his keynote today:  ""8 yeas ago we were rejected and‚Ä¶ https://t.co/HTbs10FkNq",2020-06-24 13:18:52
satriaphd,"Wageningen, Nederland",RT @StevenSalzberg1: Listening to Pavel Pevzner's exciting keynote talk at #RECOMB2020: who knew that proteins (peptides) occurred in circu‚Ä¶,2020-06-24 13:16:44
StevenSalzberg1,"Maryland, USA",Listening to Pavel Pevzner's exciting keynote talk at #RECOMB2020: who knew that proteins (peptides) occurred in ci‚Ä¶ https://t.co/EYx19ejDLz,2020-06-24 13:13:24
ViromeHunter,Europe,"Great talk by one of the greatest bioinformaticians Pavel Pevzner @recomb2020, who btw was introduced by none other‚Ä¶ https://t.co/x0m7N9Jvbh",2020-06-24 13:11:34
aylwyn_scally,"Darwin College, Cambridge",RT @veli_makinen: Algorithms day ahead in @recomb2020. Looking forward to chairing a session in 7 hours from now.  https://t.co/PndeBqeNth,2020-06-24 12:56:08
CamilleMrcht,,RT @veli_makinen: Algorithms day ahead in @recomb2020. Looking forward to chairing a session in 7 hours from now.  https://t.co/PndeBqeNth,2020-06-24 12:54:57
RayanChikhi,,RT @veli_makinen: Algorithms day ahead in @recomb2020. Looking forward to chairing a session in 7 hours from now.  https://t.co/PndeBqeNth,2020-06-24 12:10:17
paleogenomics,"Quer√©taro, Mexico","RT @cegAmorim: For those interested in #genomics and population #genetics, there's an online conference happening tomorrow and Friday #RECO‚Ä¶",2020-06-24 12:07:09
dany2k,Bielefeld,RT @veli_makinen: Algorithms day ahead in @recomb2020. Looking forward to chairing a session in 7 hours from now.  https://t.co/PndeBqeNth,2020-06-24 12:05:03
mealser,"Zurich, Switzerland","RT @serghei_mangul: First @recomb2020-Seq talk from @MangulLab will be presented by @nlapier2 Saturday, June 27, 2020 at 10:15-11:45am sess‚Ä¶",2020-06-24 11:57:09
OliverosWinona,"Barcelona, Espanya","RT @bbglab: Check out the preprint of the work presented by our PhD student Pepe Bonet yesterday at #Recomb2020.
üëâhttps://t.co/XTFCTSjPHV h‚Ä¶",2020-06-24 11:33:23
burkhard_mstern,"G√∂ttingen, Deutschland",RT @veli_makinen: Algorithms day ahead in @recomb2020. Looking forward to chairing a session in 7 hours from now.  https://t.co/PndeBqeNth,2020-06-24 11:24:19
veli_makinen,"Helsinki, Suomi",Algorithms day ahead in @recomb2020. Looking forward to chairing a session in 7 hours from now.  https://t.co/PndeBqeNth,2020-06-24 11:23:20
edhollox,"Leicester, England","RT @cegAmorim: For those interested in #genomics and population #genetics, there's an online conference happening tomorrow and Friday #RECO‚Ä¶",2020-06-24 09:54:44
EdanaLord,,"RT @cegAmorim: For those interested in #genomics and population #genetics, there's an online conference happening tomorrow and Friday #RECO‚Ä¶",2020-06-24 09:12:01
B_Sputnik,He / Him / Dude / Bro,"RT @cegAmorim: For those interested in #genomics and population #genetics, there's an online conference happening tomorrow and Friday #RECO‚Ä¶",2020-06-24 09:11:36
Humanoidiot,UK,"RT @cegAmorim: For those interested in #genomics and population #genetics, there's an online conference happening tomorrow and Friday #RECO‚Ä¶",2020-06-24 08:46:10
CesarFortesLima,"Uppsala University, Sweden","RT @cegAmorim: For those interested in #genomics and population #genetics, there's an online conference happening tomorrow and Friday #RECO‚Ä¶",2020-06-24 08:44:32
DNAed_tech,United States,"RT @cegAmorim: For those interested in #genomics and population #genetics, there's an online conference happening tomorrow and Friday #RECO‚Ä¶",2020-06-24 08:41:53
IndianaDiez,"Stockholm, Sweden","RT @cegAmorim: For those interested in #genomics and population #genetics, there's an online conference happening tomorrow and Friday #RECO‚Ä¶",2020-06-24 08:41:11
cegAmorim,"Lausanne, Switzerland.","For those interested in #genomics and population #genetics, there's an online conference happening tomorrow and Fri‚Ä¶ https://t.co/66tcOv1tu0",2020-06-24 08:41:00
praveshkkothari,"Pittsburgh, PA","RT @jmuiuc: Tomorrow (Wed Jun 24) at 4pm ET (10pm Italy time), #RECOMB2020 will have the ""Epigenetics"" session (https://t.co/hhjf8ekik5). @‚Ä¶",2020-06-24 02:55:27
ZDQ_Interlaken,"Âπø‰∏ú, ‰∏≠Âçé‰∫∫Ê∞ëÂÖ±ÂíåÂõΩ","RT @jmuiuc: Tomorrow (Wed Jun 24) at 4pm ET (10pm Italy time), #RECOMB2020 will have the ""Epigenetics"" session (https://t.co/hhjf8ekik5). @‚Ä¶",2020-06-24 02:32:43
hrch3n,"Pittsburgh, PA","RT @jmuiuc: Tomorrow (Wed Jun 24) at 4pm ET (10pm Italy time), #RECOMB2020 will have the ""Epigenetics"" session (https://t.co/hhjf8ekik5). @‚Ä¶",2020-06-24 01:57:59
MIKParadox,,"@rosi_mosqueta @recomb2020 @recomb2020 I missed the CCB conference too. Any recordings or resources available?  
#RECOMB2020",2020-06-24 01:47:21
tangming2005,"Boston, MA","RT @jmuiuc: Tomorrow (Wed Jun 24) at 4pm ET (10pm Italy time), #RECOMB2020 will have the ""Epigenetics"" session (https://t.co/hhjf8ekik5). @‚Ä¶",2020-06-24 01:31:03
zhizhid,"Houston, TX","Excited that our d-PBWT paper will be presented tomorrow morning, following a keynote from my PhD advisor Pavel Pevzner! #RECOMB2020",2020-06-24 01:01:08
Winter_Madness_,Onde o Mestre perdeu os dados,"RT @jmuiuc: Tomorrow (Wed Jun 24) at 4pm ET (10pm Italy time), #RECOMB2020 will have the ""Epigenetics"" session (https://t.co/hhjf8ekik5). @‚Ä¶",2020-06-24 00:57:21
CellSystemsCP,"Cambridge, MA","RT @jmuiuc: Tomorrow (Wed Jun 24) at 4pm ET (10pm Italy time), #RECOMB2020 will have the ""Epigenetics"" session (https://t.co/hhjf8ekik5). @‚Ä¶",2020-06-23 22:55:30
KamathGovinda,"Cambridge, MA",The online #RECOMB2020 is great. I just gave a talk to 450 people - the largest audience I'd given a talk to by a f‚Ä¶ https://t.co/1utpNEJpcP,2020-06-23 22:34:20
lenghan_bioinfo,"Houston, TX","RT @jmuiuc: Tomorrow (Wed Jun 24) at 4pm ET (10pm Italy time), #RECOMB2020 will have the ""Epigenetics"" session (https://t.co/hhjf8ekik5). @‚Ä¶",2020-06-23 22:27:44
jmuiuc,"Pittsburgh, PA","Tomorrow (Wed Jun 24) at 4pm ET (10pm Italy time), #RECOMB2020 will have the ""Epigenetics"" session (‚Ä¶ https://t.co/ZkFA4H0OVv",2020-06-23 22:13:22
GuilleAngeris,United States,RT @UthsavC: Will be presenting some recent work on identifying altered subnetworks at 3:40pm (EST) today at the virtual #RECOMB2020 confer‚Ä¶,2020-06-23 21:17:47
tarunchitra,"Brooklyn, NY",RT @UthsavC: Will be presenting some recent work on identifying altered subnetworks at 3:40pm (EST) today at the virtual #RECOMB2020 confer‚Ä¶,2020-06-23 21:14:45
martonolbei,"Norwich, England",Great network biology talks today at #recomb2020,2020-06-23 20:47:35
samsungilkim,"Boston, MA",RT @abhi_ratnakumar: Really nice talk assessing methods for detecting network modules with GWAS data @ftsven #RECOMB2020. Here is the paper‚Ä¶,2020-06-23 20:42:00
abhi_ratnakumar,New York,Really nice talk assessing methods for detecting network modules with GWAS data @ftsven #RECOMB2020. Here is the pa‚Ä¶ https://t.co/qL4a9aAqvk,2020-06-23 20:26:48
mackayka,"Saskatoon, Saskatchewan",Had a great time (virtually) presenting the results from our most recent pre-print today üë©‚Äçüíª more details on how we‚Ä¶ https://t.co/nnnlVjeLgu,2020-06-23 18:04:31
pcnmartin,"Copenhagen, Denmark",Back at #RECOMB2020 with some networks. Very fitting for my current interests.,2020-06-23 18:03:51
ftsven,"Lausanne, Switzerland","Also, I‚Äôm giving a highlight talk on Disease Module Identification at #RECOMB2020 today at 4pm US Eastern time (10p‚Ä¶ https://t.co/cSmnq6qwLa",2020-06-23 17:41:29
serghei_mangul,Santa Monica,"First @recomb2020-Seq talk from @MangulLab will be presented by @nlapier2 Saturday, June 27, 2020 at 10:15-11:45am‚Ä¶ https://t.co/fRgHGmHolg",2020-06-23 16:53:40
davidmasp,"Barcelona, Spain",@andrei_chiffa @recomb2020 I think it depends on authors? Not sure though,2020-06-23 16:48:45
INB_Official,Spain,"RT @bbglab: Check out the preprint of the work presented by our PhD student Pepe Bonet yesterday at #Recomb2020.
üëâhttps://t.co/XTFCTSjPHV h‚Ä¶",2020-06-23 16:39:27
andrei_chiffa,"Lausanne, Switzerland",@davidmasp I see that @recomb2020 is recording all the presentations -are there any plans to make those available o‚Ä¶ https://t.co/ugxABgSw1Z,2020-06-23 15:57:33
leon_anavy,"Haifa, Israel",When the conference is held on EST hours and your kid gets curious about what you are doing during dinner (listenin‚Ä¶ https://t.co/kMDMOiVvPB,2020-06-23 15:54:59
KailashBP10,"Chennai, India","#RECOMB2020 premier computational biology conference now goes virtual, registration is free! https://t.co/FWESqUlzbx",2020-06-23 15:11:58
mattmyers_cb,"Princeton, NJ",RT @UthsavC: Will be presenting some recent work on identifying altered subnetworks at 3:40pm (EST) today at the virtual #RECOMB2020 confer‚Ä¶,2020-06-23 15:02:51
PurdueCS,"West Lafayette, Indiana","Watch üíª: CluStrat, which corrects for cryptic relatedness in #GWAS in virtual #Recomb2020 today at 5:20pm (EST). 
R‚Ä¶ https://t.co/7fIj1m4kiq",2020-06-23 14:48:16
hyunhwanj,"Houston, TX",Attending #RECOMB2020? Want to expand your twitter network? I am making a twitter list people who are attending‚Ä¶ https://t.co/9OEzCOGNdl,2020-06-23 14:22:03
AritraBose90,"White Plains, NY","Excited to present CluStrat, which corrects for cryptic relatedness in #GWAS in virtual #Recomb2020 today at 5:20pm‚Ä¶ https://t.co/JCkmOptPWi",2020-06-23 14:06:29
craigandersn,"Edinburgh, Scotland","RT @bbglab: Check out the preprint of the work presented by our PhD student Pepe Bonet yesterday at #Recomb2020.
üëâhttps://t.co/XTFCTSjPHV h‚Ä¶",2020-06-23 13:59:47
pepeb_5,,"RT @bbglab: Check out the preprint of the work presented by our PhD student Pepe Bonet yesterday at #Recomb2020.
üëâhttps://t.co/XTFCTSjPHV h‚Ä¶",2020-06-23 13:33:49
bbglab,Barcelona,"Check out the preprint of the work presented by our PhD student Pepe Bonet yesterday at #Recomb2020.
üëâ‚Ä¶ https://t.co/CCfhCccI9y",2020-06-23 13:28:27
grytesatas,"Princeton, NJ",RT @UthsavC: Will be presenting some recent work on identifying altered subnetworks at 3:40pm (EST) today at the virtual #RECOMB2020 confer‚Ä¶,2020-06-23 13:26:29
jamie_dixon,"Denver, CO",Enjoying the keynote of @recomb2020 right now - learned that #COVID was carried to humans from bats via... wait for it... the anteater.,2020-06-23 13:23:35
dany2k,Bielefeld,Excited for our #RECOMB2020 talk on Computing the Rearrangement Distance of Natural Genomes today at 4:40 PM CET. P‚Ä¶ https://t.co/66xlcjmbBO,2020-06-23 13:04:58
UthsavC,"Princeton, NJ",Will be presenting some recent work on identifying altered subnetworks at 3:40pm (EST) today at the virtual‚Ä¶ https://t.co/RBac675rCO,2020-06-23 13:00:38
2YasmineMANSOUR,France,RT @pcnmartin: Following the single cell sessions at #RECOMB2020 . I got to say this conference has really stepped up the virtual conferenc‚Ä¶,2020-06-23 12:33:43
urosn,"Belgrade, Serbia","RT @jmuiuc: Please join us for the ""Single-Cell Genomics"" session that I will chair today (starting 3pm ET) at #RECOMB2020 (https://t.co/hh‚Ä¶",2020-06-23 10:44:28
KJames_IntBio,"Durham, England",Really enjoying virtual #RECOMB2020 and some interesting network analysis talks coming up later today. Free to regi‚Ä¶ https://t.co/tQoSSZCI1T,2020-06-23 10:28:36
ViromeHunter,Europe,Conferences within the reach of our fingertips! Great experience having the @recomb2020 in your phone with the‚Ä¶ https://t.co/v9JA6vgPxY,2020-06-23 10:23:37
xiaoxiaoyangs,‰∏≠Âçé‰∫∫Ê∞ëÂÖ±ÂíåÂõΩ,"@recomb2020 When I miss the meeting, is there a live video recording of the RECOM meeting?",2020-06-23 10:00:27
hyunhwanj,"Houston, TX","RT @jmuiuc: Please join us for the ""Single-Cell Genomics"" session that I will chair today (starting 3pm ET) at #RECOMB2020 (https://t.co/hh‚Ä¶",2020-06-23 08:57:10
MariaCordoba92,"Cordoba, Spain","RT @recomb2020: The first #keynote talk ""RNA secondary structure: chasing functions for lncRNAs"" by Manuela Helmer-Citterich is live now!
#‚Ä¶",2020-06-23 08:39:12
arXiv__ml,"Pittsburgh, PA","RT @jmuiuc: Please join us for the ""Single-Cell Genomics"" session that I will chair today (starting 3pm ET) at‚Ä¶ https://t.co/lTGCx9YDXB",2020-06-23 07:14:11
DAIBuilds,United States,"RT @jmuiuc: Please join us for the ""Single-Cell Genomics"" session that I will chair today (starting 3pm ET) at‚Ä¶ https://t.co/XGOqmpulxw",2020-06-23 07:08:11
TomicAdriana,World,"RT @jmuiuc: Please join us for the ""Single-Cell Genomics"" session that I will chair today (starting 3pm ET) at #RECOMB2020 (https://t.co/hh‚Ä¶",2020-06-23 06:35:51
YNikefly,,Next up‚ù§Ô∏è‚ù§Ô∏è‚ù§Ô∏è#fortnite #viral #fast #RECOMB2020 #XboxSeriesX #YouTube https://t.co/QtzsEBPtHV,2020-06-23 06:28:35
poppingjun,"Beijing, China ","RT @jmuiuc: Please join us for the ""Single-Cell Genomics"" session that I will chair today (starting 3pm ET) at #RECOMB2020 (https://t.co/hh‚Ä¶",2020-06-23 04:45:38
farid_rashidi,"Washington, D.C., USA",@SMalikic talk about our recently published paper (https://t.co/zKXu46jxbd) in @genomeresearch at #RECOMB2020 as a‚Ä¶ https://t.co/okUopTuWiT,2020-06-23 03:41:57
cenksahinalp,"Bethesda, MD","RT @recomb2020: #RECOMB2020 starts today with an exciting program and more than 3300 registered attendees 
(you can still register here htt‚Ä¶",2020-06-23 02:57:30
AedinCulhane,Horse and Groom,"RT @jmuiuc: Please join us for the ""Single-Cell Genomics"" session that I will chair today (starting 3pm ET) at #RECOMB2020 (https://t.co/hh‚Ä¶",2020-06-23 02:24:02
anetepsouza,"Campinas, Brasil",RT @BajayStephanie: Joing the #free #virtual edition of #RECOMB2020: 24TH INTERNATIONAL CONFERENCE ON RESEARCH IN COMPUTATIONAL MOLECULAR B‚Ä¶,2020-06-23 00:04:19
HoadleyLab,,RT @grytesatas: Excited to present our recent work on single-cell tumor phylogeny inference at #RECOMB2020 at 5pm (EST) today (available vi‚Ä¶,2020-06-23 00:01:31
cjf_cameron,Greater New York City Area,RT @grytesatas: Excited to present our recent work on single-cell tumor phylogeny inference at #RECOMB2020 at 5pm (EST) today (available vi‚Ä¶,2020-06-22 23:57:07
Yifeng_Tao,"Pittsburgh, PA","RT @recomb2020: #RECOMB2020 starts today with an exciting program and more than 3300 registered attendees 
(you can still register here htt‚Ä¶",2020-06-22 22:28:40
saliha_ey,"ƒ∞stanbul, T√ºrkiye","Into the a.m. hours, still following #RECOMB2020. 
@IBMResearch @IBM_CompSysBio projects are always refreshing. I a‚Ä¶ https://t.co/rMR4GbeMX3",2020-06-22 22:25:56
danfdeblasio,"El Paso, TX","RT @recomb2020: #RECOMB2020 starts today with an exciting program and more than 3300 registered attendees 
(you can still register here htt‚Ä¶",2020-06-22 22:14:22
stanford__ai,"Cambridge, MA","RT @jmuiuc: Please join us for the ""Single-Cell Genomics"" session that I will chair today (starting 3pm ET) at‚Ä¶ https://t.co/o0RYMrmvFM",2020-06-22 21:50:41
mlmemoirs,"Cambridge, MA","RT @jmuiuc: Please join us for the ""Single-Cell Genomics"" session that I will chair today (starting 3pm ET) at‚Ä¶ https://t.co/O6EJN2FY3v",2020-06-22 21:43:21
towards_AI,"Pittsburgh, PA","RT @jmuiuc: Please join us for the ""Single-Cell Genomics"" session that I will chair today (starting 3pm ET) at‚Ä¶ https://t.co/6uDlF5WBGU",2020-06-22 20:56:08
mlmemoirs,"Cambridge, MA","RT @jmuiuc: Please join us for the ""Single-Cell Genomics"" session that I will chair today (starting 3pm ET) at‚Ä¶ https://t.co/4yxoePU28K",2020-06-22 20:47:19
mldcmu,"Pittsburgh, PA","RT @jmuiuc: Please join us for the ""Single-Cell Genomics"" session that I will chair today (starting 3pm ET) at #RECOMB2020 (https://t.co/hh‚Ä¶",2020-06-22 20:29:46
VanBUG_,Vancouver,"RT @recomb2020: #RECOMB2020 will take place entirely virtually on June 22-25, 2020, with required registration (at the link https://t.co/BX‚Ä¶",2020-06-22 20:27:54
andrei_chiffa,"Lausanne, Switzerland",#RECOMB2020 online edition is both free and amazing - I really wish more conferences went this route.,2020-06-22 20:25:01
CamilleMrcht,,"RT @nomad421: If you are having trouble getting audio in the #RECOMB2020 sessions, try using a private / incognito tab.  Not exactly sure w‚Ä¶",2020-06-22 20:18:15
jasonnfan,,"RT @nomad421: If you are having trouble getting audio in the #RECOMB2020 sessions, try using a private / incognito tab.  Not exactly sure w‚Ä¶",2020-06-22 20:17:37
jdmontenegroc,"Lima, Per√∫","RT @recomb2020: The first #keynote talk ""RNA secondary structure: chasing functions for lncRNAs"" by Manuela Helmer-Citterich is live now!
#‚Ä¶",2020-06-22 20:16:31
vodka_liscia,"Turin, Italy",#RECOMB2020 normally at this time I was happy and drinking cocktails with other attendees. Now I'm following talks‚Ä¶ https://t.co/KUoRQO7CW9,2020-06-22 20:13:48
alavimir,,Thank you to the organizers and attendees of #RECOMB2020 for their attention and questions! Many asked for the code‚Ä¶ https://t.co/Y6w0krVuPd,2020-06-22 20:10:00
SingleCellMedia,Italy,RT @pcnmartin: Following the single cell sessions at #RECOMB2020 . I got to say this conference has really stepped up the virtual conferenc‚Ä¶,2020-06-22 20:04:40
OmicsOmicsBlog,"Boston, MA","RT @nomad421: If you are having trouble getting audio in the #RECOMB2020 sessions, try using a private / incognito tab.  Not exactly sure w‚Ä¶",2020-06-22 19:58:25
pcnmartin,"Copenhagen, Denmark",Following the single cell sessions at #RECOMB2020 . I got to say this conference has really stepped up the virtual‚Ä¶ https://t.co/uFfHCJhX1T,2020-06-22 19:57:20
seankenneths,,RT @hajirasouliha: I am chairing the virtual @recomb2020 session on Cancer today. It starts at 4:40 pm EST (in ~3 hours). I hope you can al‚Ä¶,2020-06-22 19:56:50
compBiology,"Cambridge, England",Lisa Tucker-Kellogg presenting TRANSCOMPP at #RECOMB2020  Understanding phenotypic plasticity by estimating Markov‚Ä¶ https://t.co/ku3gHMIIWO,2020-06-22 19:46:18
ZaminIqbal,"Cambridge, England","RT @nomad421: If you are having trouble getting audio in the #RECOMB2020 sessions, try using a private / incognito tab.  Not exactly sure w‚Ä¶",2020-06-22 19:20:46
seankenneths,,"RT @jmuiuc: Please join us for the ""Single-Cell Genomics"" session that I will chair today (starting 3pm ET) at #RECOMB2020 (https://t.co/hh‚Ä¶",2020-06-22 19:16:08
nomad421,,"If you are having trouble getting audio in the #RECOMB2020 sessions, try using a private / incognito tab.  Not exac‚Ä¶ https://t.co/0AmNtHVhp2",2020-06-22 19:10:32
compBiology,"Cambridge, England","Starting the Single-Cell Genomics Session at #RECOMB2020  ""Supervised Adversarial Alignment of Single-Cell RNA-seq""‚Ä¶ https://t.co/Z8NxWyCirv",2020-06-22 19:07:09
yuefeng_1,"Chicago, IL","RT @jmuiuc: Please join us for the ""Single-Cell Genomics"" session that I will chair today (starting 3pm ET) at #RECOMB2020 (https://t.co/hh‚Ä¶",2020-06-22 19:05:19
krzaczek2403,"Cambridge, England",#RECOMB2020 conference is on now ! Looking forward to the single-cell session !,2020-06-22 18:18:43
whitefoxsc,The Netherlands,RT @ahmedElkoussy: Looking forward to presebt out benchmark of single cell classifiers today at #RECOMB2020 at 9:20pm CEST... Very exciting‚Ä¶,2020-06-22 18:17:18
SingleCellMedia,Italy,RT @ahmedElkoussy: Looking forward to presebt out benchmark of single cell classifiers today at #RECOMB2020 at 9:20pm CEST... Very exciting‚Ä¶,2020-06-22 18:04:27
_Gunveen_,,"RT @ChelemResearch: We're spending this week virtually hanging out at #RECOMB2020.
Give a wave if you're there too!",2020-06-22 18:04:21
ahmedElkoussy,"Leiden, The Netherlands",Looking forward to presebt out benchmark of single cell classifiers today at #RECOMB2020 at 9:20pm CEST... Very exc‚Ä¶ https://t.co/AhANHu8nwx,2020-06-22 17:57:17
aaron_mckenna,"Thetford, VT","RT @jmuiuc: Please join us for the ""Single-Cell Genomics"" session that I will chair today (starting 3pm ET) at #RECOMB2020 (https://t.co/hh‚Ä¶",2020-06-22 17:57:02
pepeb_5,,"RT @jmuiuc: Please join us for the ""Single-Cell Genomics"" session that I will chair today (starting 3pm ET) at #RECOMB2020 (https://t.co/hh‚Ä¶",2020-06-22 17:55:59
Neda_TV,"Atlanta, GA",RT @hajirasouliha: I am chairing the virtual @recomb2020 session on Cancer today. It starts at 4:40 pm EST (in ~3 hours). I hope you can al‚Ä¶,2020-06-22 17:44:22
hajirasouliha,"New York, USA",I am chairing the virtual @recomb2020 session on Cancer today. It starts at 4:40 pm EST (in ~3 hours). I hope you c‚Ä¶ https://t.co/eWKtzkRPQm,2020-06-22 17:43:49
davidvanvalen,"Pasadena, CA","RT @jmuiuc: Please join us for the ""Single-Cell Genomics"" session that I will chair today (starting 3pm ET) at #RECOMB2020 (https://t.co/hh‚Ä¶",2020-06-22 17:30:30
silvacbio,"Belo Horizonte, Brasil",RT @BajayStephanie: Joing the #free #virtual edition of #RECOMB2020: 24TH INTERNATIONAL CONFERENCE ON RESEARCH IN COMPUTATIONAL MOLECULAR B‚Ä¶,2020-06-22 17:26:42
jmuiuc,"Pittsburgh, PA","Please join us for the ""Single-Cell Genomics"" session that I will chair today (starting 3pm ET) at #RECOMB2020 (‚Ä¶ https://t.co/ZRpp4Vcm74",2020-06-22 17:26:01
EngIPM,"Belfer Research Building 413 East 69th Street, New York, NYüìç",RT @hajirasouliha: The one-page summary slide about #RECOMBCCB2020 I just shared in the main @recomb2020 business meeting. Thanks again to‚Ä¶,2020-06-22 17:16:48
hajirasouliha,"New York, USA",The one-page summary slide about #RECOMBCCB2020 I just shared in the main @recomb2020 business meeting. Thanks agai‚Ä¶ https://t.co/d4bZyWYlU3,2020-06-22 17:12:00
EricM_Liu,"New York, NY",RT @grytesatas: Excited to present our recent work on single-cell tumor phylogeny inference at #RECOMB2020 at 5pm (EST) today (available vi‚Ä¶,2020-06-22 16:46:35
ZaccaSimo,Princeton University,RT @grytesatas: Excited to present our recent work on single-cell tumor phylogeny inference at #RECOMB2020 at 5pm (EST) today (available vi‚Ä¶,2020-06-22 16:45:33
cbg_ethz,Basel,"RT @pepeb_5: Really happy to have the opportunity to give a talk at #RECOMB2020 today. 
I will present the work Nico Borgsm√ºler and I have‚Ä¶",2020-06-22 15:41:57
allawayr,"Seattle, WA","Whova else is a little overwhelmed by the number of conference app emails? #RECOMB2020 

(side note: I will never,‚Ä¶ https://t.co/kPIj8q6fqd",2020-06-22 15:23:52
2YasmineMANSOUR,France,"Enjoying day1 @recomb2020

The @WhovaSupport app is helping a lot with easily getting engaged and making the most o‚Ä¶ https://t.co/oYLLsZAifP",2020-06-22 15:16:53
alavimir,,Excited to be presenting our recent paper on enabling cell type classification across various heterogenous batches‚Ä¶ https://t.co/aST6Z6gwEY,2020-06-22 15:16:05
KaryAnn_Ocana,"R√≠o de Janeiro, Brasil","RT @recomb2020: #RECOMB2020 starts today with an exciting program and more than 3300 registered attendees 
(you can still register here htt‚Ä¶",2020-06-22 15:14:16
BajayStephanie,,Joing the #free #virtual edition of #RECOMB2020: 24TH INTERNATIONAL CONFERENCE ON RESEARCH IN COMPUTATIONAL MOLECUL‚Ä¶ https://t.co/gTaWPdJ6hK,2020-06-22 14:39:55
VDumeaux,"Montreal, Canada",@recomb2020 @hajirasouliha It works. Thank you!,2020-06-22 14:18:42
VDumeaux,"Montreal, Canada",@recomb2020 @hajirasouliha I also registered but did not receive a zoom link.,2020-06-22 14:03:56
gacatag,"Helsinki ,Finland","#RECOMB2020 begins. 1st keynote speaker, Manuela Helmer, presented about lncRNA function discovery and 2ndary #RNA‚Ä¶ https://t.co/REvS43OT2N",2020-06-22 13:53:33
TastanOznur,"ƒ∞stanbul, T√ºrkiye",She is quite excited by lncRNAs. #RECOMB2020 https://t.co/14qDIwO85J,2020-06-22 13:38:23
pepeb_5,,"RT @bbglab: Today our PhD student @pepeb_5 will present the work performed alongside Nico Borgsm√ºller at #RECOMB2020
Stay tuned at 10 pm (E‚Ä¶",2020-06-22 13:26:07
alexisvdb,"Osaka, Japan",@recomb2020 I signed up for #RECOMB2020 but I am living in Japan. The time difference is a bit painful... Is there‚Ä¶ https://t.co/GhFKOow8L9,2020-06-22 13:25:10
ChelemResearch,Jerusalem,"We're spending this week virtually hanging out at #RECOMB2020.
Give a wave if you're there too!",2020-06-22 13:22:10
MartinaRDmgt,"Barcelona, Spain","RT @bbglab: Today our PhD student @pepeb_5 will present the work performed alongside Nico Borgsm√ºller at #RECOMB2020
Stay tuned at 10 pm (E‚Ä¶",2020-06-22 13:21:27
bbglab,Barcelona,"Today our PhD student @pepeb_5 will present the work performed alongside Nico Borgsm√ºller at #RECOMB2020
Stay tuned‚Ä¶ https://t.co/W0bsLfoOKO",2020-06-22 13:19:42
stchlk,,"RT @recomb2020: #RECOMB2020 will take place entirely virtually on June 22-25, 2020, with required registration (at the link https://t.co/BX‚Ä¶",2020-06-22 13:19:01
Quizzomaniac,,"An interesting take on how lncRNAs can have functions...

#recomb2020 https://t.co/FTBzv5SWPH",2020-06-22 13:19:00
UthsavC,"Princeton, NJ",RT @grytesatas: Excited to present our recent work on single-cell tumor phylogeny inference at #RECOMB2020 at 5pm (EST) today (available vi‚Ä¶,2020-06-22 13:15:26
grytesatas,"Princeton, NJ",Excited to present our recent work on single-cell tumor phylogeny inference at #RECOMB2020 at 5pm (EST) today (avai‚Ä¶ https://t.co/0VPuaj78cq,2020-06-22 13:13:45
aditi_shenoy,"Stockholm, Sweden","RT @recomb2020: #RECOMB2020 starts today with an exciting program and more than 3300 registered attendees 
(you can still register here htt‚Ä¶",2020-06-22 13:11:33
Winter_Madness_,Onde o Mestre perdeu os dados,"RNA secondary structure: chasing functions for lncRNAs
#RECOMB2020 https://t.co/6wVTu6zofq",2020-06-22 13:04:44
recomb2020,"Padova, Italy","The first #keynote talk ""RNA secondary structure: chasing functions for lncRNAs"" by Manuela Helmer-Citterich is liv‚Ä¶ https://t.co/MGY79lnCq1",2020-06-22 13:03:05
EricM_Liu,"New York, NY","RT @pepeb_5: Really happy to have the opportunity to give a talk at #RECOMB2020 today. 
I will present the work Nico Borgsm√ºler and I have‚Ä¶",2020-06-22 12:59:30
gerlach_d,"Vienna, Austria","RT @pepeb_5: Really happy to have the opportunity to give a talk at #RECOMB2020 today. 
I will present the work Nico Borgsm√ºler and I have‚Ä¶",2020-06-22 12:58:39
krassowski_m,"Oxford, England",#recomb2020 is starting NOW,2020-06-22 12:58:33
nlbigas,Barcelona,"RT @pepeb_5: Really happy to have the opportunity to give a talk at #RECOMB2020 today. 
I will present the work Nico Borgsm√ºler and I have‚Ä¶",2020-06-22 12:56:01
SilverCat89,Quito - Ecuador,"RT @recomb2020: #RECOMB2020 starts today with an exciting program and more than 3300 registered attendees 
(you can still register here htt‚Ä¶",2020-06-22 12:55:35
Quizzomaniac,,"And so it begins! 

@recomb2020 #recomb2020",2020-06-22 12:51:27
ANUJSIN64421818,,"About to start in a minute!!!
#RECOMB2020 
#Virtual https://t.co/4sTxivWc5D",2020-06-22 12:44:58
_mamiewang_,,"RT @recomb2020: #RECOMB2020 starts today with an exciting program and more than 3300 registered attendees 
(you can still register here htt‚Ä¶",2020-06-22 12:38:37
Winter_Madness_,Onde o Mestre perdeu os dados,"RT @recomb2020: #RECOMB2020 starts today with an exciting program and more than 3300 registered attendees 
(you can still register here htt‚Ä¶",2020-06-22 12:12:27
hajirasouliha,"New York, USA","RT @recomb2020: #RECOMB2020 starts today with an exciting program and more than 3300 registered attendees 
(you can still register here htt‚Ä¶",2020-06-22 12:04:56
BioMedAI_CDT,"Edinburgh, Scotland","RT @recomb2020: #RECOMB2020 starts today with an exciting program and more than 3300 registered attendees 
(you can still register here htt‚Ä¶",2020-06-22 10:09:39
BQPMalfoy,"Lille, France","RT @recomb2020: #RECOMB2020 starts today with an exciting program and more than 3300 registered attendees 
(you can still register here htt‚Ä¶",2020-06-22 10:09:39
SingleCellMedia,Italy,"RT @hania_kranas: Interested in single cell mutations analysis and/or clustering? If you're joining @recomb2020 today, definitely tune in f‚Ä¶",2020-06-22 10:04:09
azzaea_,"Groningen, Nederland","RT @recomb2020: #RECOMB2020 starts today with an exciting program and more than 3300 registered attendees 
(you can still register here htt‚Ä¶",2020-06-22 10:00:18
recomb2020,"Padova, Italy","#RECOMB2020 starts today with an exciting program and more than 3300 registered attendees 
(you can still register‚Ä¶ https://t.co/0pQee7FeDj",2020-06-22 09:57:18
ShadiShafighi,,looking forward to hearing your talk! #RECOMB2020 https://t.co/SXkuUaKMyu,2020-06-22 09:38:11
bbglab,Barcelona,"RT @pepeb_5: Really happy to have the opportunity to give a talk at #RECOMB2020 today. 
I will present the work Nico Borgsm√ºler and I have‚Ä¶",2020-06-22 09:33:03
MartinaRDmgt,"Barcelona, Spain","RT @pepeb_5: Really happy to have the opportunity to give a talk at #RECOMB2020 today. 
I will present the work Nico Borgsm√ºler and I have‚Ä¶",2020-06-22 09:32:31
OliverosWinona,"Barcelona, Espanya","RT @pepeb_5: Really happy to have the opportunity to give a talk at #RECOMB2020 today. 
I will present the work Nico Borgsm√ºler and I have‚Ä¶",2020-06-22 09:27:55
IRBBarcelona,"Barcelona, Spain","RT @pepeb_5: Really happy to have the opportunity to give a talk at #RECOMB2020 today. 
I will present the work Nico Borgsm√ºler and I have‚Ä¶",2020-06-22 09:09:20
hania_kranas,Barcelona,"Interested in single cell mutations analysis and/or clustering? If you're joining @recomb2020 today, definitely tun‚Ä¶ https://t.co/8etz8c90D8",2020-06-22 09:08:39
fran_mj88,"Barcelona, Espa√±a","RT @pepeb_5: Really happy to have the opportunity to give a talk at #RECOMB2020 today. 
I will present the work Nico Borgsm√ºler and I have‚Ä¶",2020-06-22 09:08:19
pfalef,"Basel, Switzerland","RT @pepeb_5: Really happy to have the opportunity to give a talk at #RECOMB2020 today. 
I will present the work Nico Borgsm√ºler and I have‚Ä¶",2020-06-22 09:04:52
SingleCellMedia,Italy,"RT @pepeb_5: Really happy to have the opportunity to give a talk at #RECOMB2020 today. 
I will present the work Nico Borgsm√ºler and I have‚Ä¶",2020-06-22 09:04:35
pepeb_5,,"Really happy to have the opportunity to give a talk at #RECOMB2020 today. 
I will present the work Nico Borgsm√ºler‚Ä¶ https://t.co/bEh9cFZFUm",2020-06-22 09:03:12
2YasmineMANSOUR,France,And it is a wonderful completely new experience so far.. Even before the actual beginning of the event üòÄ‚Ä¶ https://t.co/V5HW9gltiP,2020-06-22 07:46:05
hyunhwanj,"Houston, TX","RT @recomb2020: @enricoferrero The program will be updated soon here https://t.co/AeLzx18465 , all times are US Eastern Time",2020-06-22 06:54:18
hyunhwanj,"Houston, TX","RT @recomb2020: #RECOMB2020 will take place entirely virtually on June 22-25, 2020, with required registration (at the link https://t.co/BX‚Ä¶",2020-06-22 06:39:18
santanalele_,"Wellington, NZ",RT @recomb2020: We are really excited to announce that more than 2800 attendees signed-up for the #free #virtual edition of #RECOMB2020! De‚Ä¶,2020-06-22 06:26:14
santanalele_,"Wellington, NZ",@recomb2020 Will the talks be made available to be watched on demand? That would be fab! Thanks :),2020-06-22 06:25:58
tisimpson,Edinburgh,@recomb2020 @BioMedAI_CDT,2020-06-22 04:30:03
chgaleanom,,"RT @recomb2020: #RECOMB2020 will take place entirely virtually on June 22-25, 2020, with required registration (at the link https://t.co/BX‚Ä¶",2020-06-22 03:47:45
Yh_Taguchi,Êù±‰∫¨ÈÉΩÊñá‰∫¨Âå∫,"RT @d_kihara: Join us at RECOMB, which starts tomorrow, Mon 6/22. This year it is a virtual conference and registration is free!  I'll chai‚Ä¶",2020-06-21 22:11:30
GTerashi,"West Lafayette, IN","RT @d_kihara: Join us at RECOMB, which starts tomorrow, Mon 6/22. This year it is a virtual conference and registration is free!  I'll chai‚Ä¶",2020-06-21 21:03:52
GTerashi,"West Lafayette, IN",RT @recomb2020: We are really excited to announce that more than 2800 attendees signed-up for the #free #virtual edition of #RECOMB2020! De‚Ä¶,2020-06-21 21:03:36
d_kihara,"Indiana, USA",RT @recomb2020: We are really excited to announce that more than 2800 attendees signed-up for the #free #virtual edition of #RECOMB2020! De‚Ä¶,2020-06-21 19:35:19
d_kihara,"Indiana, USA","Join us at RECOMB, which starts tomorrow, Mon 6/22. This year it is a virtual conference and registration is free!‚Ä¶ https://t.co/X4P8uhU6CT",2020-06-21 19:34:49
SapovalNicolae,"Houston, TX","RT @danfdeblasio: Join us on Wednesday at @recomb2020 for a discussion on the Future of Algorithms in Biology with panelist @BenLangmead, C‚Ä¶",2020-06-21 17:22:41
OmicsOmicsBlog,"Boston, MA","RT @danfdeblasio: Join us on Wednesday at @recomb2020 for a discussion on the Future of Algorithms in Biology with panelist @BenLangmead, C‚Ä¶",2020-06-21 16:55:18
hendrick0403,"Taipei City, Taiwan",it's a good start to be involved in this #RECOMB2020 virtual conference via #Whova event app https://t.co/SgVR6a7dUA https://t.co/X1VA73jwYm,2020-06-21 13:51:12
DCGenomics,"Pittsburgh, PA","RT @danfdeblasio: Join us on Wednesday at @recomb2020 for a discussion on the Future of Algorithms in Biology with panelist @BenLangmead, C‚Ä¶",2020-06-21 10:41:23
BiswapriyaMisra,"Amaravati, India","RT @krassowski_m: Two #multiomics talks tomorrow at the @recomb2020
 conference (virtual, no registration fee, still open!):
- MONET: Multi‚Ä¶",2020-06-21 08:31:21
CuypersWim,Antwerp,"RT @danfdeblasio: Join us on Wednesday at @recomb2020 for a discussion on the Future of Algorithms in Biology with panelist @BenLangmead, C‚Ä¶",2020-06-21 07:52:23
traingene,"Houston, TX","RT @danfdeblasio: Join us on Wednesday at @recomb2020 for a discussion on the Future of Algorithms in Biology with panelist @BenLangmead, C‚Ä¶",2020-06-20 19:12:41
sjackman,"Vancouver, Canada","RT @danfdeblasio: Join us on Wednesday at @recomb2020 for a discussion on the Future of Algorithms in Biology with panelist @BenLangmead, C‚Ä¶",2020-06-20 17:45:01
ckingsford,"Pittsburgh, PA","RT @danfdeblasio: Join us on Wednesday at @recomb2020 for a discussion on the Future of Algorithms in Biology with panelist @BenLangmead, C‚Ä¶",2020-06-20 17:20:45
jdidion,"Rockville, MD","RT @danfdeblasio: Join us on Wednesday at @recomb2020 for a discussion on the Future of Algorithms in Biology with panelist @BenLangmead, C‚Ä¶",2020-06-20 16:59:27
ananth_k,,"RT @danfdeblasio: Join us on Wednesday at @recomb2020 for a discussion on the Future of Algorithms in Biology with panelist @BenLangmead, C‚Ä¶",2020-06-20 16:30:33
BenLangmead,"Baltimore, MD","RT @danfdeblasio: Join us on Wednesday at @recomb2020 for a discussion on the Future of Algorithms in Biology with panelist @BenLangmead, C‚Ä¶",2020-06-20 16:13:55
danfdeblasio,"El Paso, TX",Join us on Wednesday at @recomb2020 for a discussion on the Future of Algorithms in Biology with panelist‚Ä¶ https://t.co/HrxfNGhF8s,2020-06-20 15:58:22
YuanhuaHuang,Hong Kong,RT @recomb2020: We are really excited to announce that more than 2800 attendees signed-up for the #free #virtual edition of #RECOMB2020! De‚Ä¶,2020-06-20 01:07:02
Jonnygfrazer,"Boston, MA",RT @recomb2020: We are really excited to announce that more than 2800 attendees signed-up for the #free #virtual edition of #RECOMB2020! De‚Ä¶,2020-06-19 17:31:01
hajirasouliha,"New York, USA",RT @Arvind_k_Iyer: Awseome &amp; intresenting talk by @MillerLab4  @recomb2020 #recombccb2020 #science #cancer #tumor #immune #research #excite‚Ä¶,2020-06-19 15:36:20
Arvind_k_Iyer,"New Delhi, India",Awseome &amp; intresenting talk by @MillerLab4  @recomb2020 #recombccb2020 #science #cancer #tumor #immune #research‚Ä¶ https://t.co/p7hENsBNI1,2020-06-19 14:46:40
krsahlin,Stockholm,RT @recomb2020: We are really excited to announce that more than 2800 attendees signed-up for the #free #virtual edition of #RECOMB2020! De‚Ä¶,2020-06-19 13:40:28
hajirasouliha,"New York, USA","RT @WeiweiBian: #RECOMBCCB2020
Exciting online event! @recomb2020 https://t.co/SEu1n6Cm9P",2020-06-19 13:26:53
WeiweiBian,"Stockholm, Sweden","#RECOMBCCB2020
Exciting online event! @recomb2020 https://t.co/SEu1n6Cm9P",2020-06-19 13:10:07
orenavram,,RT @recomb2020: We are really excited to announce that more than 2800 attendees signed-up for the #free #virtual edition of #RECOMB2020! De‚Ä¶,2020-06-19 11:37:13
mirand863,,RT @recomb2020: We are really excited to announce that more than 2800 attendees signed-up for the #free #virtual edition of #RECOMB2020! De‚Ä¶,2020-06-19 08:30:46
DNAed_tech,United States,RT @iScience_CP: Speedup trajectory inference and detection of cell types in #singlecell RNA-Seq with new #method Sphetcher https://t.co/pf‚Ä¶,2020-06-19 07:42:00
ShebaAJ,The Lowlands,RT @iScience_CP: Speedup trajectory inference and detection of cell types in #singlecell RNA-Seq with new #method Sphetcher https://t.co/pf‚Ä¶,2020-06-19 07:35:10
DavidKoslicki,,RT @recomb2020: We are really excited to announce that more than 2800 attendees signed-up for the #free #virtual edition of #RECOMB2020! De‚Ä¶,2020-06-19 07:07:42
repositiveio,"Cambridge, England",RT @gerlach_d: Just realized that the #AACR20 Annual Meeting 2020 https://t.co/S0rtg0M0kT and the #RECOMB2020 International Conference on R‚Ä¶,2020-06-19 06:50:38
PanditAridaman,Netherlands,RT @recomb2020: We are really excited to announce that more than 2800 attendees signed-up for the #free #virtual edition of #RECOMB2020! De‚Ä¶,2020-06-19 06:18:47
rozovr,Tel Aviv,RT @recomb2020: We are really excited to announce that more than 2800 attendees signed-up for the #free #virtual edition of #RECOMB2020! De‚Ä¶,2020-06-19 06:12:26
TuXinming,Beijing,RT @recomb2020: We are really excited to announce that more than 2800 attendees signed-up for the #free #virtual edition of #RECOMB2020! De‚Ä¶,2020-06-19 05:07:41
hyunhwanj,"Houston, TX",RT @recomb2020: We are really excited to announce that more than 2800 attendees signed-up for the #free #virtual edition of #RECOMB2020! De‚Ä¶,2020-06-19 04:48:56
QuonBio,"Davis, CA",RT @recomb2020: We are really excited to announce that more than 2800 attendees signed-up for the #free #virtual edition of #RECOMB2020! De‚Ä¶,2020-06-19 04:45:36
natstann,"Palo Alto, CA",RT @recomb2020: We are really excited to announce that more than 2800 attendees signed-up for the #free #virtual edition of #RECOMB2020! De‚Ä¶,2020-06-19 04:10:16
sara_mostafavi,"Vancouver, British Columbia",RT @recomb2020: We are really excited to announce that more than 2800 attendees signed-up for the #free #virtual edition of #RECOMB2020! De‚Ä¶,2020-06-19 04:07:48
Zhiyun_G,"Pittsburgh, PA",RT @recomb2020: We are really excited to announce that more than 2800 attendees signed-up for the #free #virtual edition of #RECOMB2020! De‚Ä¶,2020-06-19 03:37:09
cmdcolin,,RT @recomb2020: We are really excited to announce that more than 2800 attendees signed-up for the #free #virtual edition of #RECOMB2020! De‚Ä¶,2020-06-19 03:30:50
Awesomics,San Francisco Bay Area,RT @recomb2020: We are really excited to announce that more than 2800 attendees signed-up for the #free #virtual edition of #RECOMB2020! De‚Ä¶,2020-06-19 03:25:38
RoadHound,,RT @recomb2020: We are really excited to announce that more than 2800 attendees signed-up for the #free #virtual edition of #RECOMB2020! De‚Ä¶,2020-06-19 03:18:10
Ismail_Moghul,"City of London, London",RT @recomb2020: We are really excited to announce that more than 2800 attendees signed-up for the #free #virtual edition of #RECOMB2020! De‚Ä¶,2020-06-19 02:18:21
iScience_CP,"Cambridge, MA",RT @recomb2020: We are really excited to announce that more than 2800 attendees signed-up for the #free #virtual edition of #RECOMB2020! De‚Ä¶,2020-06-19 01:37:13
cenksahinalp,"Bethesda, MD",RT @recomb2020: We are really excited to announce that more than 2800 attendees signed-up for the #free #virtual edition of #RECOMB2020! De‚Ä¶,2020-06-19 01:30:12
pavel_avdeyev,,@serghei_mangul @recomb2020 @pashadag Your guess about last year is close to the real number.,2020-06-18 22:29:31
helicobacter1,Cerdanyola,RT @recomb2020: We are really excited to announce that more than 2800 attendees signed-up for the #free #virtual edition of #RECOMB2020! De‚Ä¶,2020-06-18 21:59:40
davidmasp,"Barcelona, Spain",RT @recomb2020: We are really excited to announce that more than 2800 attendees signed-up for the #free #virtual edition of #RECOMB2020! De‚Ä¶,2020-06-18 21:41:37
Alfons_Valencia,,RT @recomb2020: We are really excited to announce that more than 2800 attendees signed-up for the #free #virtual edition of #RECOMB2020! De‚Ä¶,2020-06-18 21:38:56
ribozyme,San Francisco,RT @recomb2020: We are really excited to announce that more than 2800 attendees signed-up for the #free #virtual edition of #RECOMB2020! De‚Ä¶,2020-06-18 21:20:54
Quizzomaniac,,"@Judithdemel @AcademicChatter I've three lined up this week - all of them free

#AACR2020
#eacrvirtualcongress
#recomb2020",2020-06-18 19:14:24
BaryDerrick,"Kampala, Uganda","RT @Quizzomaniac: Once #EACRvirtualcongress is done this week, there's @recomb2020 to look forward to next week, followed by #AACR later in‚Ä¶",2020-06-18 19:03:02
itisalist,"Freising, Deutschland",RT @recomb2020: We are really excited to announce that more than 2800 attendees signed-up for the #free #virtual edition of #RECOMB2020! De‚Ä¶,2020-06-18 18:47:03
TastanOznur,"ƒ∞stanbul, T√ºrkiye","RT @ekimbariscan: #RECOMB2020 is still happening! I will be speaking on Wednesday, June 24th during the Sequencing &amp; Assembly session about‚Ä¶",2020-06-18 18:25:08
gunesaynasinda,"Cambridge, MA - Istanbul, TR","#RECOMB2020 is still happening! I will be speaking on Wednesday, June 24th during the Sequencing &amp; Assembly session‚Ä¶ https://t.co/GFJSwe9ByY",2020-06-18 18:23:46
OmicsOmicsBlog,"Boston, MA",RT @recomb2020: We are really excited to announce that more than 2800 attendees signed-up for the #free #virtual edition of #RECOMB2020! De‚Ä¶,2020-06-18 18:21:04
KarelBrinda,"Boston, MA",RT @recomb2020: We are really excited to announce that more than 2800 attendees signed-up for the #free #virtual edition of #RECOMB2020! De‚Ä¶,2020-06-18 18:16:47
vandinfa,,RT @recomb2020: We are really excited to announce that more than 2800 attendees signed-up for the #free #virtual edition of #RECOMB2020! De‚Ä¶,2020-06-18 18:14:49
serghei_mangul,Santa Monica,"@recomb2020 @pashadag Wow! 2800 participants!
How many were last year?
Probably &lt;500",2020-06-18 18:00:29
pashadag,Penn State University,RT @recomb2020: We are really excited to announce that more than 2800 attendees signed-up for the #free #virtual edition of #RECOMB2020! De‚Ä¶,2020-06-18 17:56:36
mnmsPlatform,"Strasbourg, France",RT @crashius: @CakmakcDoruk of Ciceklab has presented our work on an ML-based approach to predict left over tumor tissue during glioma surg‚Ä¶,2020-06-18 17:35:32
gerlach_d,"Vienna, Austria",Just realized that the #AACR20 Annual Meeting 2020 https://t.co/S0rtg0M0kT and the #RECOMB2020 International Confer‚Ä¶ https://t.co/n8OhUJXFol,2020-06-18 17:02:59
DR_E_A_M,,RT @recomb2020: We are really excited to announce that more than 2800 attendees signed-up for the #free #virtual edition of #RECOMB2020! De‚Ä¶,2020-06-18 16:59:39
vanhoan310,Munich,RT @recomb2020: We are really excited to announce that more than 2800 attendees signed-up for the #free #virtual edition of #RECOMB2020! De‚Ä¶,2020-06-18 16:59:15
vanhoan310,Munich,RT @iScience_CP: Speedup trajectory inference and detection of cell types in #singlecell RNA-Seq with new #method Sphetcher https://t.co/pf‚Ä¶,2020-06-18 16:57:04
gerlach_d,"Vienna, Austria",RT @recomb2020: We are really excited to announce that more than 2800 attendees signed-up for the #free #virtual edition of #RECOMB2020! De‚Ä¶,2020-06-18 16:53:18
FRojasRingeling,,RT @iScience_CP: Speedup trajectory inference and detection of cell types in #singlecell RNA-Seq with new #method Sphetcher https://t.co/pf‚Ä¶,2020-06-18 16:51:14
StefanCanzar,Munich,RT @iScience_CP: Speedup trajectory inference and detection of cell types in #singlecell RNA-Seq with new #method Sphetcher https://t.co/pf‚Ä¶,2020-06-18 16:29:46
BenLangmead,"Baltimore, MD",RT @recomb2020: We are really excited to announce that more than 2800 attendees signed-up for the #free #virtual edition of #RECOMB2020! De‚Ä¶,2020-06-18 16:25:21
giwa_abdulazeez,"Lagos, Nigeria",RT @Arvind_k_Iyer: Interesting talk by @MariaRoCompBio for @recomb2020  #recombccb2020 #science #cancer #research #excited #learning #onlin‚Ä¶,2020-06-18 16:11:05
giwa_abdulazeez,"Lagos, Nigeria",RT @hajirasouliha: Halil Ibrahim Kuru @hllibrhmkuru from @TastanOznur group is discussing their new algorithm PRER at the virtual #recombcc‚Ä¶,2020-06-18 16:09:17
dany2k,Bielefeld,RT @recomb2020: We are really excited to announce that more than 2800 attendees signed-up for the #free #virtual edition of #RECOMB2020! De‚Ä¶,2020-06-18 16:08:30
crashius,,@CakmakcDoruk of Ciceklab has presented our work on an ML-based approach to predict left over tumor tissue during g‚Ä¶ https://t.co/xZxMXZ9WOj,2020-06-18 16:00:18
iScience_CP,"Cambridge, MA",Speedup trajectory inference and detection of cell types in #singlecell RNA-Seq with new #method Sphetcher‚Ä¶ https://t.co/4bmqr1p5E1,2020-06-18 16:00:07
darrrnit,,RT @recomb2020: We are really excited to announce that more than 2800 attendees signed-up for the #free #virtual edition of #RECOMB2020! De‚Ä¶,2020-06-18 15:49:22
PallaviSurana5,United States,RT @recomb2020: We are really excited to announce that more than 2800 attendees signed-up for the #free #virtual edition of #RECOMB2020! De‚Ä¶,2020-06-18 15:46:26
YulongNiu,,RT @recomb2020: We are really excited to announce that more than 2800 attendees signed-up for the #free #virtual edition of #RECOMB2020! De‚Ä¶,2020-06-18 15:37:03
ivivek87,"Seattle, WA","RT @krassowski_m: Also a very smooth transition to the following talk (on PAMOGK, https://t.co/093DOwlMxU) which used the benchmark of the‚Ä¶",2020-06-18 15:36:09
hajirasouliha,"New York, USA","RT @krassowski_m: Also a very smooth transition to the following talk (on PAMOGK, https://t.co/093DOwlMxU) which used the benchmark of the‚Ä¶",2020-06-18 15:33:11
krassowski_m,"Oxford, England","Also a very smooth transition to the following talk (on PAMOGK, https://t.co/093DOwlMxU) which used the benchmark o‚Ä¶ https://t.co/Zqu2IFrqCD",2020-06-18 15:26:38
BQPMalfoy,"Lille, France",RT @recomb2020: We are really excited to announce that more than 2800 attendees signed-up for the #free #virtual edition of #RECOMB2020! De‚Ä¶,2020-06-18 15:22:35
hajirasouliha,"New York, USA",RT @Arvind_k_Iyer: Interesting talk by @MariaRoCompBio for @recomb2020  #recombccb2020 #science #cancer #research #excited #learning #onlin‚Ä¶,2020-06-18 15:19:16
hajirasouliha,"New York, USA",Halil Ibrahim Kuru @hllibrhmkuru from @TastanOznur group is discussing their new algorithm PRER at the virtual‚Ä¶ https://t.co/ZIasyLJUh8,2020-06-18 15:16:06
Quizzomaniac,,"A poster from #MFMLab has been accepted to #Recomb2020 - wish we had the chance to go to #Padua #Italy, but still h‚Ä¶ https://t.co/tlgSakzH15",2020-06-18 15:09:58
Quizzomaniac,,"Once #EACRvirtualcongress is done this week, there's @recomb2020 to look forward to next week, followed by #AACR la‚Ä¶ https://t.co/53V1oTqmAI",2020-06-18 15:06:55
hajirasouliha,"New York, USA",RT @recomb2020: We are really excited to announce that more than 2800 attendees signed-up for the #free #virtual edition of #RECOMB2020! De‚Ä¶,2020-06-18 14:59:12
scientistvan,"Philadelphia, PA",Free virtual conference for anyone interested in learning more about applications and methods in Computational Biol‚Ä¶ https://t.co/s0oYgHqQ8g,2020-06-18 14:55:54
recomb2020,"Padova, Italy",We are really excited to announce that more than 2800 attendees signed-up for the #free #virtual edition of‚Ä¶ https://t.co/EyPXpJNqhu,2020-06-18 14:50:47
Arvind_k_Iyer,"New Delhi, India",Interesting talk by @MariaRoCompBio for @recomb2020  #recombccb2020 #science #cancer #research #excited #learning‚Ä¶ https://t.co/LOqTUbfXit,2020-06-18 14:06:11
Zhiyun_G,"Pittsburgh, PA",RT @hajirasouliha: We already have a record number of participants for our upcoming RECOMB Computational Cancer Biology (CCB) @recomb2020 m‚Ä¶,2020-06-18 13:09:39
krassowski_m,"Oxford, England","@recomb2020 I registered for both the main conference back in May and for the CCB satellite this week, but have not‚Ä¶ https://t.co/dMu2ETBEFf",2020-06-18 13:00:51
rosi_mosqueta,"Berlin, Germany",@recomb2020 it will be possible to record the talks? I‚Äôm specially interested in the CCB satellite meeting. #RECOMB2020,2020-06-18 12:18:15
kzkedzierska,"Oxford, England",RT @ewa_szczurek: RECOMB-CCB is starting tomorrow! We have already hundreds of registered participants and a very exciting program :). You‚Ä¶,2020-06-18 11:27:51
ngsstudent,,RT @ewa_szczurek: RECOMB-CCB is starting tomorrow! We have already hundreds of registered participants and a very exciting program :). You‚Ä¶,2020-06-18 05:08:53
ShadiShafighi,,RT @ewa_szczurek: RECOMB-CCB is starting tomorrow! We have already hundreds of registered participants and a very exciting program :). You‚Ä¶,2020-06-17 20:07:37
XuanCindyLi,Bethesda MD,"@recomb2020 Hi RECOMB committee, when are we going to hear about how to attend the virtual main conference and sate‚Ä¶ https://t.co/l4R37qRUXP",2020-06-17 19:43:25
krassowski_m,"Oxford, England","Two #multiomics talks tomorrow at the @recomb2020
 conference (virtual, no registration fee, still open!):
- MONET:‚Ä¶ https://t.co/nSHeE5Mzsf",2020-06-17 19:23:32
krassowski_m,"Oxford, England",RT @ewa_szczurek: RECOMB-CCB is starting tomorrow! We have already hundreds of registered participants and a very exciting program :). You‚Ä¶,2020-06-17 19:17:35
asbonerw,"New York, NY",RT @hajirasouliha: We already have a record number of participants for our upcoming RECOMB Computational Cancer Biology (CCB) @recomb2020 m‚Ä¶,2020-06-17 15:40:48
MervinFansler,"New York, NY",RT @hajirasouliha: We already have a record number of participants for our upcoming RECOMB Computational Cancer Biology (CCB) @recomb2020 m‚Ä¶,2020-06-17 15:06:36
MervinFansler,"New York, NY",RT @ewa_szczurek: RECOMB-CCB is starting tomorrow! We have already hundreds of registered participants and a very exciting program :). You‚Ä¶,2020-06-17 15:03:26
EngIPM,"Belfer Research Building 413 East 69th Street, New York, NYüìç",RT @hajirasouliha: We already have a record number of participants for our upcoming RECOMB Computational Cancer Biology (CCB) @recomb2020 m‚Ä¶,2020-06-17 12:55:20
hajirasouliha,"New York, USA",RT @ewa_szczurek: RECOMB-CCB is starting tomorrow! We have already hundreds of registered participants and a very exciting program :). You‚Ä¶,2020-06-17 12:25:10
ewa_szczurek,,RECOMB-CCB is starting tomorrow! We have already hundreds of registered participants and a very exciting program :)‚Ä¶ https://t.co/PEB7kKISWl,2020-06-17 08:30:19
vandinfa,,RT @hajirasouliha: We already have a record number of participants for our upcoming RECOMB Computational Cancer Biology (CCB) @recomb2020 m‚Ä¶,2020-06-17 04:33:02
jgreiter,"Palo Alto, CA",RT @hajirasouliha: We already have a record number of participants for our upcoming RECOMB Computational Cancer Biology (CCB) @recomb2020 m‚Ä¶,2020-06-17 02:40:12
ozgursahin1905,"Columbia, SC",RT @hajirasouliha: We already have a record number of participants for our upcoming RECOMB Computational Cancer Biology (CCB) @recomb2020 m‚Ä¶,2020-06-17 02:18:57
UCLAQCBio,"Los Angeles, CA",RT @hajirasouliha: We already have a record number of participants for our upcoming RECOMB Computational Cancer Biology (CCB) @recomb2020 m‚Ä¶,2020-06-17 01:06:17
CFlensburg,"WEHI, Melbourne","@hajirasouliha @recomb2020 Looks very interesting, thanks for reminding!

Do you know if the talks will be recorded‚Ä¶ https://t.co/tAGJytX6I2",2020-06-17 01:00:07
CFlensburg,"WEHI, Melbourne",RT @hajirasouliha: We already have a record number of participants for our upcoming RECOMB Computational Cancer Biology (CCB) @recomb2020 m‚Ä¶,2020-06-17 00:58:44
anna_m_ritz,"Portland, OR",RT @hajirasouliha: We already have a record number of participants for our upcoming RECOMB Computational Cancer Biology (CCB) @recomb2020 m‚Ä¶,2020-06-17 00:18:54
serghei_mangul,Santa Monica,RT @hajirasouliha: We already have a record number of participants for our upcoming RECOMB Computational Cancer Biology (CCB) @recomb2020 m‚Ä¶,2020-06-16 23:52:18
hajirasouliha,"New York, USA",We already have a record number of participants for our upcoming RECOMB Computational Cancer Biology (CCB)‚Ä¶ https://t.co/PMPOYABlM9,2020-06-16 23:20:20
Ebh_mayra,Edinburgh,#RECOMB2020 a group computational molecular biology conferences is entirely online and it's free of charge https://t.co/SCF5hXUezR,2020-06-15 22:57:02
BuffaFrancesca,"University of Oxford, Oxford, UK",RT @saezlab: Check out the @DR_E_A_M session @recomb2020 on #singlecells w. our @attila_gbr (signaling in breast cancer) + J. Tanevski (pre‚Ä¶,2020-06-14 21:10:01
roramirezf94,"Heidelberg, Alemania",RT @saezlab: Check out the @DR_E_A_M session @recomb2020 on #singlecells w. our @attila_gbr (signaling in breast cancer) + J. Tanevski (pre‚Ä¶,2020-06-14 11:40:42
FrezzaLab,"Cambridge, England",RT @saezlab: Check out the @DR_E_A_M session @recomb2020 on #singlecells w. our @attila_gbr (signaling in breast cancer) + J. Tanevski (pre‚Ä¶,2020-06-14 10:19:11
saezlab,"Heidelberg, Germany, & Aachen",Check out the @DR_E_A_M session @recomb2020 on #singlecells w. our @attila_gbr (signaling in breast cancer) + J. Ta‚Ä¶ https://t.co/0fbtGjRe33,2020-06-14 09:49:14
khalimurt,"–ú–æ—Å–∫–≤–∞, –†–æ—Å—Å–∏—è",RT @DR_E_A_M: Please check the session on Dream challenges @recomb2020 special topic on #singlecells https://t.co/NIrG2psn7K June 25th 9AM‚Ä¶,2020-06-13 19:37:44
DR_E_A_M,,Please check the session on Dream challenges @recomb2020 special topic on #singlecells https://t.co/NIrG2psn7K June 25th 9AM EST,2020-06-13 19:34:51
